0,2.3192317
10,0.86446583
20,0.73826236
30,0.38298663
40,0.43409336
50,0.38223746
60,0.17847295
70,0.29346263
80,0.3737719
90,0.23229033
100,0.18708955
110,0.2500838
120,0.16014865
130,0.22360414
140,0.21372752
150,0.16354653
160,0.23511106
170,0.12354407
180,0.13814265
190,0.16124433
200,0.19879873
210,0.102214865
220,0.056124892
230,0.13697504
240,0.07880664
250,0.14546728
260,0.1873073
270,0.07477981
280,0.050558165
290,0.07054843
300,0.18529487
310,0.2024051
320,0.14366294
330,0.068204135
340,0.1281066
350,0.16046993
360,0.053686265
370,0.07546319
380,0.11617295
390,0.09013492
400,0.051693343
410,0.10384815
420,0.10481445
430,0.070719555
440,0.096973404
450,0.15159208
460,0.06417087
470,0.05646441
480,0.023126284
490,0.06243212
500,0.12938032
510,0.020675143
520,0.071518615
530,0.1048508
540,0.07839545
550,0.07443055
560,0.06723067
570,0.06338274
580,0.05216857
590,0.05397202
600,0.05531948
610,0.0492588
620,0.09441541
630,0.05296402
640,0.06857357
650,0.055924438
660,0.081526786
670,0.05438807
680,0.03610121
690,0.04055029
700,0.048402473
710,0.14131375
720,0.06548788
730,0.093207896
740,0.051654395
750,0.07314868
760,0.05183481
770,0.055694405
780,0.120445095
790,0.0636819
800,0.093206406
810,0.09841131
820,0.07543071
830,0.09119089
840,0.040870667
850,0.05644348
860,0.01761081
870,0.035520498
880,0.042835623
890,0.070785806
900,0.02743943
910,0.08485718
920,0.02269299
930,0.08391168
940,0.031862937
950,0.07027523
960,0.0072225053
970,0.017655065
980,0.06684521
990,0.022643518
1000,0.08411741
1010,0.0328918
1020,0.021551702
1030,0.14296669
1040,0.018175416
1050,0.034344237
1060,0.013686524
1070,0.07419708
1080,0.04116505
1090,0.020820154
1100,0.021238845
1110,0.12275868
1120,0.059089832
1130,0.050744094
1140,0.079104684
1150,0.019121021
1160,0.008368714
1170,0.0052162283
1180,0.023100672
1190,0.08268081
1200,0.041999318
1210,0.070501
1220,0.18518892
1230,0.06414441
1240,0.06140667
1250,0.016951647
1260,0.040888667
1270,0.029008089
1280,0.04795181
1290,0.07102793
1300,0.031173786
1310,0.052888304
1320,0.025965562
1330,0.041155446
1340,0.007773154
1350,0.03157225
1360,0.017748877
1370,0.034967206
1380,0.019520372
1390,0.042057343
1400,0.012045167
1410,0.03252826
1420,0.037073098
1430,0.06532949
1440,0.012881128
1450,0.041697968
1460,0.032564897
1470,0.045106124
1480,0.053305205
1490,0.007978342
1500,0.02832397
1510,0.057599
1520,0.10139337
1530,0.027630765
1540,0.049120516
1550,0.05257649
1560,0.014298876
1570,0.04697881
1580,0.02464303
1590,0.025943503
1600,0.02796597
1610,0.03898411
1620,0.033032693
1630,0.017795209
1640,0.016288795
1650,0.035892375
1660,0.031684674
1670,0.017635718
1680,0.14882056
1690,0.029425528
1700,0.0054985434
1710,0.0067312396
1720,0.020837726
1730,0.011093209
1740,0.02548964
1750,0.01047908
1760,0.07457222
1770,0.03363961
1780,0.034557402
1790,0.03642123
1800,0.015177734
1810,0.029411394
1820,0.014365948
1830,0.067662895
1840,0.04283791
1850,0.04091283
1860,0.012492332
1870,0.037217505
1880,0.0443225
1890,0.0359621
1900,0.012374276
1910,0.0152427815
1920,0.038203925
1930,0.017328218
1940,0.02569802
1950,0.011312797
1960,0.026186386
1970,0.020052534
1980,0.008922262
1990,0.033991285
2000,0.014662504
2010,0.0060333502
2020,0.033361044
2030,0.030878888
2040,0.013626909
2050,0.08959797
2060,0.049664084
2070,0.03519203
2080,0.075536594
2090,0.040900446
2100,0.00843063
2110,0.06014132
2120,0.0038027554
2130,0.026887788
2140,0.049452707
2150,0.027663294
2160,0.0138849085
2170,0.03768538
2180,0.03886495
2190,0.070026696
2200,0.015881618
2210,0.029279375
2220,0.04884757
2230,0.0422876
2240,0.052586176
2250,0.03354545
2260,0.05797466
2270,0.01347305
2280,0.0066577676
2290,0.011643029
2300,0.026423398
2310,0.020433495
2320,0.008928104
2330,0.04140508
2340,0.054298867
2350,0.0030964697
2360,0.027047265
2370,0.03921343
2380,0.037789308
2390,0.004563333
2400,0.0029761873
2410,0.014639132
2420,0.01989569
2430,0.0141645735
2440,0.0035018628
2450,0.018536545
2460,0.05517273
2470,0.0077875503
2480,0.06567651
2490,0.083321154
2500,0.009445645
2510,0.057861045
2520,0.007968429
2530,0.0011143301
2540,0.056905415
2550,0.02006392
2560,0.016114913
2570,0.04237981
2580,0.009307322
2590,0.12099091
2600,0.06133904
2610,0.057618488
2620,0.004857073
2630,0.011629261
2640,0.0072867335
2650,0.009683619
2660,0.0065012584
2670,0.016789507
2680,0.07666256
2690,0.018467668
2700,0.05422664
2710,0.008919703
2720,0.024434283
2730,0.023993557
2740,0.01886528
2750,0.037722826
2760,0.029110834
2770,0.02255642
2780,0.09772508
2790,0.026501166
2800,0.022231625
2810,0.016646476
2820,0.031399652
2830,0.049364693
2840,0.007395509
2850,0.009769603
2860,0.017071718
2870,0.026045533
2880,0.0016742632
2890,0.015047932
2900,0.026969435
2910,0.008069784
2920,0.021939795
2930,0.0026181175
2940,0.004923225
2950,0.047961205
2960,0.02076659
2970,0.016618384
2980,0.055293776
2990,0.020120433
3000,0.03772282
3010,0.0013252627
3020,0.0027510799
3030,0.0077754217
3040,0.0314821
3050,0.0051661627
3060,0.011361722
3070,0.028828852
3080,0.0032453365
3090,0.006364378
3100,0.026464714
3110,0.007526764
3120,0.01591241
3130,0.004778416
3140,0.06744132
3150,0.050394908
3160,0.011113344
3170,0.008092234
3180,0.0021129197
3190,0.0022098694
3200,0.02974664
3210,0.04651418
3220,0.010298304
3230,0.006433789
3240,0.016848858
3250,0.02480453
3260,0.007830674
3270,0.011798134
3280,0.010251037
3290,0.021732144
3300,0.0023087952
3310,0.017825881
3320,0.018852133
3330,0.009357234
3340,0.007460629
3350,0.038573213
3360,0.050544318
3370,0.00396045
3380,0.0033061223
3390,0.012874674
3400,0.07039676
3410,0.005449091
3420,0.004669875
3430,0.030615544
3440,0.010409165
3450,0.0118461475
3460,0.024064327
3470,0.04909095
3480,0.0058947974
3490,0.018100232
3500,0.016040402
3510,0.023194518
3520,0.0144017115
3530,0.015628345
3540,0.049873922
3550,0.03285033
3560,0.022810673
3570,0.057218738
3580,0.029065702
3590,0.058353804
3600,0.0073824855
3610,0.018355705
3620,0.013475415
3630,0.0023010324
3640,0.0374449
3650,0.022875015
3660,0.008205364
3670,0.010928773
3680,0.032813806
3690,0.00095134723
3700,0.078107014
3710,0.042065583
3720,0.0076805297
3730,0.02884898
3740,0.009962196
3750,0.02508815
3760,0.024835749
3770,0.0021821558
3780,0.002061358
3790,0.011764001
3800,0.007442872
3810,0.019271122
3820,0.00084719417
3830,0.0045658248
3840,0.061204877
3850,0.047410246
3860,0.019526364
3870,0.0068639573
3880,0.012805483
3890,0.028099937
3900,0.0036462632
3910,0.03301946
3920,0.022319503
3930,0.030368384
3940,0.0070335655
3950,0.057116818
3960,0.0063011064
3970,0.008774197
3980,0.0053498074
3990,0.004470907
4000,0.0017189592
4010,0.003329121
4020,0.0038119203
4030,0.01559018
4040,0.0067299823
4050,0.018609708
4060,0.002856755
4070,0.013941893
4080,0.0715084
4090,0.0029892558
4100,0.016603425
4110,0.038636215
4120,0.013447247
4130,0.01736887
4140,0.03813193
4150,0.038185902
4160,0.037437268
4170,0.0057818205
4180,0.019250095
4190,0.017106863
4200,0.05429924
4210,0.009418108
4220,0.001720678
4230,0.01374179
4240,0.0068660853
4250,0.027931586
4260,0.036338978
4270,0.020503864
4280,0.047011282
4290,0.009037021
4300,0.029801752
4310,0.012091545
4320,0.007009377
4330,0.022673843
4340,0.0040177037
4350,0.0025330787
4360,0.0035352204
4370,0.009138043
4380,0.0011593362
4390,0.022787962
4400,0.0037734332
4410,0.027369073
4420,0.011297431
4430,0.019464433
4440,0.0011118277
4450,0.026881985
4460,0.0072152037
4470,0.014008285
4480,0.0009920435
4490,0.0031485357
4500,0.0060416623
4510,0.016746772
4520,0.0010751383
4530,0.0069314917
4540,0.002161595
4550,0.0017900993
4560,0.022217235
4570,0.024671597
4580,0.003820003
4590,0.06700486
4600,0.004095517
4610,0.0044941087
4620,0.00092958246
4630,0.022425411
4640,0.026511231
4650,0.006559622
4660,0.0012494447
4670,0.00095276814
4680,0.041858364
4690,0.02477839
4700,0.045780465
4710,0.0019164929
4720,0.01371283
4730,0.042829473
4740,0.012149901
4750,0.0013480977
4760,0.0048695053
4770,0.05673416
4780,0.0032507742
4790,0.010807496
4800,0.002123778
4810,0.0022473882
4820,0.018822327
4830,0.0038465094
4840,0.021647815
4850,0.044557057
4860,0.028197605
4870,0.0055527277
4880,0.03848938
4890,0.079071864
4900,0.0037182444
4910,0.049294893
4920,0.03497001
4930,0.026270859
4940,0.008257257
4950,0.025146633
4960,0.018329868
4970,0.011049707
4980,0.04014038
4990,0.015046002
5000,0.0103794895
5010,0.037033316
5020,0.05311965
5030,0.04097901
5040,0.005960728
5050,0.018589789
5060,0.051341332
5070,0.0053865984
5080,0.013123814
5090,0.007798257
5100,0.019006288
5110,0.0005134926
5120,0.004381042
5130,0.016564209
5140,0.004603266
5150,0.0330797
5160,0.021391664
5170,0.00267778
5180,0.0069296886
5190,0.010230563
5200,0.051887553
5210,0.049912773
5220,0.0068005947
5230,0.0032061783
5240,0.025307845
5250,0.0063928626
5260,0.0037083626
5270,0.004400582
5280,0.030106392
5290,0.0022176406
5300,0.0142556075
5310,0.011864658
5320,0.00014969794
5330,0.018893013
5340,0.0016469422
5350,0.027361713
5360,0.010927262
5370,0.038611326
5380,0.023332696
5390,0.0012828887
5400,0.014128469
5410,0.012985206
5420,0.0012938168
5430,0.007985666
5440,0.006522008
5450,0.02841592
5460,0.0024210871
5470,0.07318122
5480,0.011430154
5490,0.038153186
5500,0.0086585395
5510,0.10203375
5520,0.05000054
5530,0.023191389
5540,0.0033897352
5550,0.0035433103
5560,0.0011572288
5570,0.010289459
5580,0.018287804
5590,0.00780526
5600,0.018734943
5610,0.0011098381
5620,0.015471136
5630,0.023635315
5640,0.00018591367
5650,0.0004166526
5660,0.07336915
5670,0.005191454
5680,0.031481575
5690,0.0088739395
5700,0.017815538
5710,0.010196241
5720,0.0015559027
5730,0.0725139
5740,0.016133286
5750,0.005693287
5760,0.002500837
5770,0.0007078368
5780,0.031395886
5790,0.01765392
5800,0.0010093619
5810,0.0004865718
5820,0.025865922
5830,0.090312764
5840,0.0057904273
5850,0.017510315
5860,0.008735164
5870,0.008475918
5880,0.026483145
5890,0.0026634384
5900,0.01962229
5910,0.039848007
5920,0.00053835014
5930,0.009733817
5940,0.026130274
5950,0.0066847745
5960,0.03321608
5970,0.005940861
5980,0.0073466324
5990,0.01482782
6000,0.0068575637
6010,0.038713165
6020,0.0114143
6030,0.0058196182
6040,0.002275213
6050,0.0058649974
6060,0.00077058084
6070,0.020959714
6080,0.00058699504
6090,0.015151268
6100,0.023694914
6110,0.0020173115
6120,0.011215872
6130,0.0033612293
6140,0.00027049586
6150,0.0132257715
6160,0.038460072
6170,0.0022894528
6180,0.0008073156
6190,0.0054650283
6200,0.0027290694
6210,0.0017388249
6220,0.0004876625
6230,0.007256444
6240,0.00897995
6250,0.0017847291
6260,0.082718164
6270,0.026607487
6280,0.003988531
6290,0.002960536
6300,0.0035417143
6310,0.0027933102
6320,0.0028933375
6330,0.00020951482
6340,0.09075905
6350,0.010524988
6360,0.031506766
6370,0.0036972375
6380,0.0006837675
6390,0.0013688916
6400,0.0022593199
6410,0.0011522353
6420,0.011554755
6430,0.0005251091
6440,0.000107834065
6450,0.031734858
6460,0.035000984
6470,0.00090807996
6480,0.016665395
6490,0.0015022269
6500,0.0019887532
6510,0.0023088874
6520,0.031200612
6530,0.0018936759
6540,0.0032857903
6550,0.008462243
6560,0.010814795
6570,0.041813795
6580,0.016265118
6590,0.01902392
6600,0.03218578
6610,0.0038638744
6620,0.007181053
6630,0.001505121
6640,0.012953723
6650,0.004316488
6660,0.036203295
6670,0.00066361995
6680,0.0023334713
6690,0.006414068
6700,0.0016042923
6710,0.028072447
6720,0.023711592
6730,0.026640888
6740,0.031622328
6750,0.0011927949
6760,0.0018187766
6770,0.016677322
6780,0.013647401
6790,0.0007700392
6800,0.044102516
6810,0.014893643
6820,0.006828573
6830,0.0039823507
6840,0.0042726444
6850,0.0009468507
6860,0.02537897
6870,0.0026445372
6880,0.0129708
6890,0.002783244
6900,0.00795609
6910,0.0020958611
6920,0.011671114
6930,0.005845543
6940,0.036487944
6950,0.01570418
6960,0.001141645
6970,0.0015537399
6980,0.04168339
6990,0.0024869884
7000,0.027791072
7010,0.0014000575
7020,0.014794163
7030,0.0007539993
7040,0.0004055762
7050,0.011080623
7060,0.015784744
7070,0.0025779253
7080,0.019443441
7090,0.0011768076
7100,0.015713628
7110,0.00068537
7120,0.016321845
7130,0.01237499
7140,0.024917789
7150,0.00030313304
7160,0.003752762
7170,0.0013917524
7180,0.009588259
7190,0.008446283
7200,0.0024456575
7210,0.0061740153
7220,0.009817507
7230,0.010274393
7240,0.0014795933
7250,0.0034043458
7260,0.021465316
7270,0.023118217
7280,0.023498105
7290,0.01448152
7300,0.01531929
7310,0.00043143908
7320,0.01786224
7330,0.041529987
7340,0.045906637
7350,0.0029971406
7360,0.009188869
7370,0.038258135
7380,0.0005674897
7390,0.00625359
7400,0.00871514
7410,0.01422822
7420,0.029271036
7430,0.00051784643
7440,0.010602144
7450,0.00034220054
7460,0.0029819694
7470,0.00016338473
7480,0.0072703008
7490,0.025605619
7500,0.015903344
7510,0.00070981483
7520,0.00011266077
7530,0.05820273
7540,0.011985165
7550,0.025629444
7560,0.0012924663
7570,0.031890534
7580,0.0072343443
7590,0.061141454
7600,0.0019778134
7610,0.007528433
7620,0.008410457
7630,0.025977906
7640,0.014231708
7650,0.0016068981
7660,0.035447694
7670,0.0074639665
7680,0.0028833596
7690,0.00061767123
7700,0.00049008254
7710,0.0003429543
7720,0.011180455
7730,0.0071035028
7740,0.02847148
7750,0.03026377
7760,0.025055908
7770,0.00843691
7780,0.047211643
7790,0.010048734
7800,0.015423715
7810,0.0007993426
7820,0.014570897
7830,0.0021989183
7840,0.00051714154
7850,0.00024394717
7860,0.015275884
7870,0.02077426
7880,0.016119389
7890,0.016007356
7900,0.004481587
7910,0.031705152
7920,0.0218391
7930,0.026299335
7940,0.01738024
7950,0.0035115907
7960,0.006236727
7970,0.035629906
7980,0.00018038785
7990,0.006170189
8000,0.0033665758
8010,0.012767632
8020,0.0027029754
8030,0.012109902
8040,0.0005777263
8050,0.002633202
8060,0.0009818934
8070,0.07044018
8080,0.0020311312
8090,0.00045581692
8100,0.002498039
8110,0.009750306
8120,0.019285822
8130,0.059268095
8140,0.0025822662
8150,0.0014524942
8160,0.00064511516
8170,0.0003738297
8180,3.660148e-05
8190,0.033464707
8200,0.0014622103
8210,0.00022456814
8220,0.029357487
8230,0.009140358
8240,0.0019360296
8250,0.0009766534
8260,0.014696504
8270,0.038200676
8280,0.008138909
8290,0.021392658
8300,0.015782187
8310,0.04301836
8320,0.0023158267
8330,0.00022908938
8340,0.001267735
8350,0.022288706
8360,0.0005592825
8370,0.09692465
8380,0.0038154363
8390,0.010106471
8400,0.0021369294
8410,0.001929227
8420,0.009761261
8430,0.006736689
8440,0.0066668256
8450,0.0005914493
8460,0.016633295
8470,0.013043305
8480,0.0018994464
8490,0.00036134393
8500,0.0011336419
8510,0.022352783
8520,0.0045950897
8530,0.0002707379
8540,0.008572242
8550,0.00051401893
8560,0.0012478261
8570,0.009316664
8580,0.015842432
8590,0.0015719726
8600,0.00843177
8610,0.00014702429
8620,0.00011299224
8630,0.03903053
8640,0.0048213564
8650,0.018979516
8660,0.016738756
8670,0.00036244656
8680,0.0036039802
8690,0.006010705
8700,0.040438484
8710,0.009613492
8720,0.0018968226
8730,0.00083278905
8740,0.023378296
8750,0.004306155
8760,0.014736196
8770,0.00053286424
8780,0.000109958695
8790,0.007252851
8800,9.375127e-05
8810,0.0038305041
8820,0.0059908195
8830,0.0040944447
8840,0.0041445224
8850,0.0064096036
8860,0.0019318179
8870,0.016226893
8880,0.0016203471
8890,0.0034594785
8900,0.04137351
8910,0.006591257
8920,0.055423506
8930,0.07300231
8940,0.0009645652
8950,0.001382453
8960,0.0058195554
8970,0.01729184
8980,0.011407192
8990,0.01632012
9000,0.014724801
9010,0.0009416717
9020,0.02673706
9030,0.0064956695
9040,0.0012743337
9050,0.009350792
9060,0.00041892094
9070,0.024204686
9080,0.0002172582
9090,0.012074455
9100,0.0009799651
9110,0.0287088
9120,0.01015822
9130,0.0008314344
9140,0.0030200353
9150,0.0109380325
9160,0.00014376291
9170,0.023023525
9180,0.00085120194
9190,0.011419438
9200,0.02868056
9210,0.0046117553
9220,0.001580941
9230,0.02203982
9240,0.020078383
9250,0.0005922121
9260,0.034383148
9270,0.010324831
9280,0.00028417195
9290,0.0007014088
9300,0.056605205
9310,0.01930891
9320,0.01876629
9330,0.018498918
9340,0.022103006
9350,0.022949923
9360,0.00027023494
9370,0.017408611
9380,4.041654e-05
9390,0.013623638
9400,0.0065416708
9410,0.014588415
9420,0.002430864
9430,0.007292183
9440,0.06122458
9450,0.009614147
9460,0.003928506
9470,0.00020651086
9480,0.03647023
9490,0.009409504
9500,0.030545225
9510,0.041533172
9520,0.00046693458
9530,0.012241103
9540,0.0032415967
9550,0.013851511
9560,0.026059108
9570,0.00081913266
9580,0.001000172
9590,0.0033779084
9600,0.0012195064
9610,0.0059978855
9620,0.0024133702
9630,0.00070000533
9640,0.00021646728
9650,0.0012525143
9660,0.002079885
9670,0.0005486782
9680,0.003866156
9690,0.003461724
9700,0.016488804
9710,0.004930473
9720,0.00768379
9730,0.032507367
9740,0.0049961866
9750,0.0074837278
9760,0.01830244
9770,0.0014513147
9780,0.00017743409
9790,0.001105528
9800,0.02267051
9810,0.0001978925
9820,0.021844983
9830,0.02736001
9840,0.0016463066
9850,0.00020102135
9860,0.01823774
9870,0.0006351187
9880,0.012200277
9890,0.0032020025
9900,0.000311024
9910,0.010532019
9920,0.0059541794
9930,0.0012795678
9940,0.00043014786
9950,0.0001794576
9960,0.0077142916
9970,0.0029753693
9980,0.027833264
9990,0.043574408
10000,0.019417906
10010,0.0023823571
10020,0.00364278
10030,0.036756046
10040,0.005912489
10050,0.05248979
10060,0.0013518772
10070,0.0005312484
10080,0.026885688
10090,0.0010908422
10100,0.00038715824
10110,0.0019208285
10120,0.00360151
10130,0.011038747
10140,0.010785069
10150,0.017715964
10160,0.00072820054
10170,0.00034759197
10180,0.0043876674
10190,0.0012278948
10200,0.0050757527
10210,0.008867328
10220,0.01142276
10230,0.00042334193
10240,0.0001168733
10250,0.0024583582
10260,0.0028044274
10270,0.00068717636
10280,0.0011116915
10290,0.006174488
10300,0.051223267
10310,0.013139026
10320,0.0031361666
10330,0.0004422388
10340,0.0002625205
10350,2.4940273e-05
10360,0.00045756777
10370,6.1511346e-05
10380,0.0013212176
10390,0.0028126535
10400,0.0043127937
10410,0.0013791632
10420,0.014831509
10430,0.01504861
10440,0.00044731237
10450,0.0006805424
10460,0.0024879707
10470,0.03607413
10480,0.0001779159
10490,0.0028549945
10500,0.0001869797
10510,0.013255892
10520,0.005973687
10530,0.006295061
10540,0.000811037
10550,0.041285016
10560,0.02162476
10570,0.0025002146
10580,0.0051275054
10590,0.0025296374
10600,0.049665447
10610,0.000548954
10620,0.0116286
10630,0.06312649
10640,0.0026801142
10650,0.03210017
10660,0.0020416183
10670,0.04887993
10680,0.00036385673
10690,0.010929938
10700,6.2757594e-05
10710,1.8720773e-05
10720,0.00011756634
10730,0.029006565
10740,0.00085853774
10750,0.0050018327
10760,0.00038942354
10770,0.018124314
10780,0.00023588775
10790,0.0011047128
10800,0.0032096659
10810,0.00013055599
10820,0.00049134454
10830,0.0036871296
10840,0.004651739
10850,0.00022158682
10860,0.003593835
10870,0.05301626
10880,0.0059974296
10890,0.0014642747
10900,0.009453397
10910,0.00074211776
10920,0.00037133603
10930,1.7702374e-05
10940,0.01690384
10950,0.00013544293
10960,0.0007527716
10970,0.0021237126
10980,0.0008999161
10990,0.03629999
11000,0.005547947
11010,0.028378041
11020,0.01064634
11030,0.013531497
11040,0.0025546963
11050,0.0059285625
11060,0.0037548393
11070,0.015662251
11080,0.042854715
11090,0.0012815074
11100,0.021996234
11110,0.08242576
11120,0.012229017
11130,0.0029613897
11140,0.0009676502
11150,0.004370873
11160,6.40712e-06
11170,0.00038935622
11180,0.0010148664
11190,0.00019471177
11200,0.0037091929
11210,0.0008767324
11220,0.020811187
11230,0.0017732605
11240,0.006930465
11250,0.0012742195
11260,5.7777273e-05
11270,0.01255055
11280,0.001308507
11290,0.014453543
11300,0.0054151993
11310,0.0237624
11320,0.029697362
11330,0.0007530066
11340,7.3864954e-05
11350,0.002520816
11360,0.033710655
11370,0.0032243575
11380,0.032245036
11390,0.031724792
11400,0.00024669524
11410,0.003979973
11420,0.003976649
11430,0.0048405016
11440,7.266917e-05
11450,0.0007296546
11460,0.0012967081
11470,0.00072605035
11480,0.00061504036
11490,0.0057610003
11500,0.0016817112
11510,0.0021326256
11520,0.0040633343
11530,0.0003044889
11540,0.010493641
11550,4.5585675e-05
11560,7.707311e-05
11570,0.0073955753
11580,0.0003944517
11590,0.003137517
11600,0.013096201
11610,0.023983983
11620,0.0063211983
11630,0.07129616
11640,0.002756577
11650,0.019756794
11660,0.00083092717
11670,0.0012150797
11680,0.017483206
11690,0.00016963191
11700,0.0108091915
11710,0.00014301739
11720,0.011527391
11730,7.899142e-05
11740,0.00031377032
11750,0.018055053
11760,0.0053700195
11770,0.0018208467
11780,0.0031364101
11790,7.480807e-05
11800,0.0006007864
11810,0.022951476
11820,0.0032594216
11830,0.00015219917
11840,0.0030700339
11850,0.0017916817
11860,0.0006547058
11870,0.0007565144
11880,0.0022104017
11890,0.00048092514
11900,0.0018667255
11910,0.0017098321
11920,0.00043613708
11930,0.026541919
11940,0.031395078
11950,0.00065079035
11960,0.00060511316
11970,0.0003833014
11980,0.004550807
11990,0.0032118992
12000,0.008491637
12010,0.018241197
12020,0.0012305306
12030,1.1104391e-05
12040,0.016411787
12050,0.0028984947
12060,0.007642974
12070,0.0008914716
12080,0.0018827864
12090,0.0004952678
12100,0.012350296
12110,0.005186969
12120,0.010619688
12130,0.00024188576
12140,0.032555334
12150,0.0033163542
12160,0.018381692
12170,0.0053718793
12180,0.00029143237
12190,0.012418373
12200,0.008478772
12210,0.00014213013
12220,0.018934418
12230,0.0031822526
12240,0.0008141906
12250,0.00051979185
12260,0.034090314
12270,0.014041543
12280,0.0012817857
12290,0.00021292803
12300,0.0015816591
12310,0.008034459
12320,0.001642742
12330,0.004394478
12340,0.0021902723
12350,8.61499e-05
12360,0.029492158
12370,0.01036556
12380,0.0011513574
12390,0.0002194941
12400,0.02774232
12410,0.045757767
12420,0.004379038
12430,0.00033878244
12440,0.00087539875
12450,0.000743802
12460,0.00030968885
12470,0.015863601
12480,0.007959111
12490,7.229075e-05
12500,0.001958019
12510,0.0039703473
12520,0.0004180549
12530,0.00014917614
12540,0.009677111
12550,0.023896405
12560,0.0032819042
12570,0.00340046
12580,0.0009842422
12590,0.0053823665
12600,0.012311158
12610,0.0107941525
12620,5.8445996e-05
12630,0.01862889
12640,3.6426878e-05
12650,0.00046463226
12660,0.00177159
12670,0.009555492
12680,0.008187262
12690,0.006054983
12700,0.01728943
12710,0.005886458
12720,0.000483256
12730,1.9575515e-05
12740,4.8398888e-05
12750,0.0013094351
12760,0.058997557
12770,0.008494748
12780,0.0008636758
12790,0.001666737
12800,0.015688412
12810,0.0016073574
12820,0.026743192
12830,0.0099085765
12840,0.00076921016
12850,0.011718246
12860,0.0029570488
12870,0.0068971994
12880,0.0006349845
12890,0.00050930394
12900,0.01914145
12910,0.016958734
12920,0.03244948
12930,4.682689e-05
12940,0.006181266
12950,0.0023775566
12960,0.0037899176
12970,0.0006805832
12980,0.0002446402
12990,0.0010068803
13000,0.0010970973
13010,0.012877755
13020,0.0010980946
13030,0.008493775
13040,0.0019726818
13050,0.0067414427
13060,0.021467194
13070,0.00036580485
13080,0.00029461697
13090,0.0012348029
13100,0.00058017805
13110,0.00025850514
13120,0.007340306
13130,0.007865464
13140,0.0021776876
13150,0.017527182
13160,0.009511117
13170,0.013743739
13180,0.0047922395
13190,0.004313194
13200,0.002665659
13210,0.002822796
13220,0.007834342
13230,0.0124054225
13240,0.012724972
13250,0.009690339
13260,0.00024574355
13270,8.0324644e-05
13280,0.0035199719
13290,0.00011648616
13300,6.649114e-06
13310,7.5520425e-06
13320,0.0049746125
13330,9.289774e-05
13340,0.00015416322
13350,0.011115003
13360,0.0020908467
13370,1.24586e-05
13380,0.00024250131
13390,0.00015573038
13400,0.03620383
13410,0.018998208
13420,0.00017235088
13430,0.043288022
13440,0.008754962
13450,0.02001041
13460,0.00053577917
13470,0.0032356947
13480,0.013369471
13490,0.00030532895
13500,0.00012716663
13510,0.0023844526
13520,0.0014551865
13530,0.006516632
13540,0.0014272672
13550,0.00011574252
13560,0.0063884724
13570,0.004751612
13580,0.017790295
13590,0.00069639925
13600,0.00039052952
13610,0.0019935824
13620,0.016379444
13630,0.004772027
13640,0.0055925967
13650,0.016979512
13660,0.0050423397
13670,0.004732146
13680,0.012787603
13690,0.00030187142
13700,0.0016986919
13710,3.5997822e-05
13720,0.011664927
13730,0.060700122
13740,3.623973e-05
13750,0.0021553822
13760,8.5706655e-05
13770,0.0024930828
13780,0.022144506
13790,0.012878158
13800,0.00022953823
13810,0.00022194465
13820,0.0042279563
13830,0.01003069
13840,0.003528502
13850,0.0004462859
13860,0.0004966401
13870,0.0102134
13880,0.018259207
13890,0.0008365377
13900,0.00011409618
13910,0.00036549527
13920,0.013229489
13930,0.0004806865
13940,0.0047960645
13950,0.00019316222
13960,0.00012668205
13970,0.001645166
13980,0.013155506
13990,0.006540103
14000,9.742759e-05
14010,0.0036013362
14020,0.018054226
14030,0.005716266
14040,0.0056363777
14050,4.52031e-05
14060,0.008361362
14070,0.0077971746
14080,0.00017110432
14090,0.0102280555
14100,0.048286833
14110,0.021511983
14120,0.016273813
14130,0.0017957136
14140,0.03179023
14150,0.013515525
14160,1.446547e-05
14170,0.0032001908
14180,0.0005358891
14190,0.000740493
14200,0.0009460933
14210,0.03182941
14220,0.05037681
14230,0.020594843
14240,0.009635635
14250,0.0031646884
14260,0.00038662108
14270,0.012027074
14280,0.0005185855
14290,0.012184016
14300,0.004902244
14310,0.0007521557
14320,0.003129249
14330,0.005870691
14340,0.016168986
14350,0.011646249
14360,0.028433986
14370,0.004880871
14380,0.023949133
14390,4.291701e-05
14400,0.0012924257
14410,0.0053840503
14420,3.0109124e-05
14430,0.017592328
14440,0.00020029585
14450,0.00035705257
14460,0.0010676668
14470,0.00074308045
14480,6.2314626e-05
14490,0.0005038197
14500,0.023083355
14510,0.016825337
14520,0.009544375
14530,0.0046813446
14540,0.0010817255
14550,0.00063484325
14560,0.00010766047
14570,0.003955019
14580,0.0012164203
14590,0.00077619974
14600,0.00012745918
14610,0.012307022
14620,0.007036654
14630,0.0003346813
14640,4.6031233e-05
14650,3.4805165e-05
14660,0.0002536414
14670,7.187875e-05
14680,0.0009807654
14690,0.00537888
14700,0.0007775432
14710,0.0008682982
14720,0.0040111323
14730,0.018606452
14740,0.0027274517
14750,0.0030308927
14760,0.0020949307
14770,6.926568e-05
14780,0.00011852796
14790,0.026630666
14800,0.00443999
14810,0.009951142
14820,0.009705087
14830,3.8985705e-05
14840,0.00092498184
14850,0.0015973256
14860,0.0001585803
14870,0.000108856824
14880,0.00071813876
14890,3.697118e-05
14900,0.0016365661
14910,0.023237634
14920,0.00020363138
14930,0.03131613
14940,6.2125036e-06
14950,0.016077435
14960,0.0006629989
14970,0.014583838
14980,0.13020045
14990,0.034555603
15000,0.0022295013
15010,0.0003261175
15020,0.013118968
15030,0.0009917669
15040,0.0156175895
15050,0.08276255
15060,0.000677138
15070,2.6921884e-05
15080,0.0008772225
15090,0.012709937
15100,0.00011400129
15110,8.23392e-05
15120,1.2021557e-05
15130,0.0031129594
15140,0.0138247935
15150,8.440014e-05
15160,0.006206455
15170,0.0028819623
15180,0.00020551245
15190,0.020543523
15200,0.0006919863
15210,0.00045147425
15220,0.0014338499
15230,0.0004683042
15240,0.017491857
15250,1.7682029e-05
15260,7.141051e-05
15270,0.05820054
15280,0.008879382
15290,0.000118939766
15300,0.00072503247
15310,0.002422912
15320,0.00024210558
15330,0.00035269003
15340,0.0135443015
15350,8.1774386e-05
15360,0.0004794366
15370,0.007008827
15380,0.005138581
15390,0.0005140352
15400,0.00017268186
15410,7.383484e-05
15420,0.001233726
15430,0.0005546961
15440,0.002772047
15450,5.9048878e-05
15460,0.00011910927
15470,0.0007983094
15480,0.0040049236
15490,0.015194033
15500,0.00050965685
15510,3.64907e-05
15520,0.0005567452
15530,0.000113917624
15540,0.0005452394
15550,0.00016159115
15560,0.0010654159
15570,0.0014207532
15580,3.4579705e-05
15590,0.014011961
15600,5.8442194e-05
15610,0.013340218
15620,0.021780757
15630,0.0075760414
15640,0.00035548827
15650,1.2349661e-05
15660,0.001356404
15670,2.7268028e-05
15680,0.000103475126
15690,0.00011468715
15700,0.030122517
15710,0.0019995144
15720,0.00015693041
15730,0.000650988
15740,4.120473e-05
15750,0.00016617484
15760,0.001739369
15770,0.0023403165
15780,0.00018601667
15790,0.0018714828
15800,0.00026197248
15810,0.00052261713
15820,6.080628e-06
15830,0.0006436923
15840,0.016538678
15850,0.00061803276
15860,0.004159939
15870,0.0056481864
15880,0.00037713954
15890,0.005841562
15900,4.0357707e-05
15910,7.087201e-05
15920,0.0042678914
15930,0.002000934
15940,0.026558239
15950,2.7516284e-05
15960,0.025104705
15970,0.01160237
15980,0.009690413
15990,0.0096024275
16000,0.00033186824
16010,0.025011644
16020,0.008831324
16030,0.0019829096
16040,0.00062776974
16050,0.00033724814
16060,0.014090851
16070,0.0012004431
16080,0.00019637961
16090,0.012894564
16100,0.0017964893
16110,0.00041912048
16120,0.006519479
16130,0.019023614
16140,0.005595137
16150,0.06019398
16160,0.00021731769
16170,0.003361881
16180,0.00023734254
16190,0.006653527
16200,0.0033776758
16210,0.015267848
16220,0.0039340826
16230,0.00055063015
16240,0.0022471228
16250,0.00013833324
16260,0.00033178253
16270,0.00037627554
16280,0.0019469195
16290,0.019824946
16300,0.0005418227
16310,0.00026943133
16320,0.026846457
16330,7.5616656e-05
16340,0.0026646021
16350,0.005849654
16360,0.00011813214
16370,9.258388e-05
16380,0.0050606215
16390,0.020355519
16400,0.012858133
16410,6.47375e-06
16420,0.014082043
16430,0.007446456
16440,0.00013303262
16450,0.00030955748
16460,0.000115251954
16470,0.014408745
16480,0.0044640806
16490,0.0001680085
16500,0.00021876514
16510,0.00857599
16520,0.00020780103
16530,0.0060907444
16540,0.044105925
16550,0.00019373253
16560,0.0057114502
16570,0.0064242706
16580,2.9113724e-05
16590,0.004623851
16600,0.000856496
16610,0.0015435813
16620,0.005979191
16630,5.248375e-05
16640,0.0019625109
16650,0.0015044451
16660,0.0077500874
16670,0.00035993598
16680,0.0015910134
16690,0.0001181444
16700,0.00014489441
16710,0.001986049
16720,0.014558789
16730,2.50586e-05
16740,0.02621577
16750,0.0012093587
16760,0.0037346266
16770,0.0010275792
16780,0.0012711954
16790,0.00016982971
16800,0.004366665
16810,0.019115034
16820,0.00065458805
16830,0.00041355198
16840,7.965337e-05
16850,0.00072191126
16860,0.06273938
16870,0.00016846655
16880,0.0030723254
16890,0.010703241
16900,0.0030374913
16910,0.0049049556
16920,0.000562754
16930,0.00022699001
16940,0.006204605
16950,0.028748903
16960,0.00016830792
16970,0.0028071008
16980,0.00023651033
16990,0.0011016469
17000,0.0002652532
17010,7.986344e-05
17020,0.020407423
17030,0.00059903774
17040,5.059713e-05
17050,0.010743507
17060,0.0014265958
17070,0.00032148603
17080,0.0042652553
17090,0.002055422
17100,0.0016958325
17110,0.0004864138
17120,4.9080074e-05
17130,0.002625351
17140,0.0012234747
17150,0.00092375465
17160,0.02883255
17170,0.00016264897
17180,0.0014241858
17190,0.0015050658
17200,0.00046785403
17210,0.021061813
17220,0.0032252348
17230,6.541365e-05
17240,0.00048390627
17250,0.00010852372
17260,0.0005304769
17270,0.00020958697
17280,0.011477151
17290,0.009321406
17300,0.011495944
17310,0.0011492253
17320,0.0017954231
17330,0.00019192364
17340,0.005583229
17350,9.355298e-05
17360,0.0037673195
17370,0.00884481
17380,0.010770842
17390,7.513151e-05
17400,0.012395305
17410,0.00026794116
17420,0.0007394567
17430,3.7724235e-06
17440,6.1680934e-05
17450,0.00019568563
17460,0.057434704
17470,1.980238e-05
17480,0.0060159075
17490,0.0033424965
17500,0.0010503898
17510,0.030107949
17520,0.00030526033
17530,0.0018148703
17540,0.004316722
17550,0.031946808
17560,0.0001045116
17570,0.016508833
17580,0.00050318154
17590,0.0055834996
17600,0.00033519225
17610,0.0064958204
17620,0.010543387
17630,0.00047052655
17640,0.024052767
17650,0.0004887228
17660,0.013560016
17670,0.0007641133
17680,0.0017199509
17690,7.348959e-05
17700,0.00011928042
17710,0.0017079231
17720,0.0034489408
17730,0.013831456
17740,0.024316274
17750,0.009172482
17760,0.0015749624
17770,0.002142756
17780,0.00054320716
17790,0.0017481832
17800,7.791416e-05
17810,0.0020666942
17820,0.004266748
17830,0.009616462
17840,3.37682e-05
17850,0.00016917964
17860,0.00015709805
17870,0.0007054135
17880,0.04731719
17890,0.002596001
17900,0.00038282175
17910,0.0004298766
17920,0.006316291
17930,0.00081279164
17940,0.013126411
17950,0.01576114
17960,0.00029869235
17970,0.0024739266
17980,0.00017106374
17990,0.018152503
18000,0.03125842
18010,0.00026352692
18020,0.01761572
18030,0.00060009235
18040,0.0010142383
18050,0.0052530714
18060,0.0012612597
18070,0.00041120994
18080,0.0001690323
18090,0.0003483821
18100,0.0054128557
18110,0.001303013
18120,0.008453495
18130,0.0009261305
18140,0.005128494
18150,0.018152319
18160,0.0028920926
18170,0.0028615862
18180,0.0037880142
18190,0.0011739342
18200,0.0004382871
18210,0.0036705395
18220,0.024123603
18230,0.0037984685
18240,0.0015567943
18250,3.2220937e-06
18260,0.0005792232
18270,0.0013674482
18280,0.006451333
18290,0.0012790766
18300,0.00029033644
18310,0.002307133
18320,0.0017837865
18330,0.002481653
18340,9.2773786e-05
18350,0.0014622171
18360,0.004968749
18370,0.0033627804
18380,0.0004006952
18390,0.0044415956
18400,0.0001073372
18410,0.0023927046
18420,0.017383095
18430,0.0014888841
18440,0.00022287449
18450,0.00041365562
18460,0.0001157701
18470,0.00039872798
18480,0.00012367174
18490,1.9728528e-05
18500,0.00451601
18510,0.047471754
18520,0.011456179
18530,0.0057976646
18540,0.000608313
18550,7.145672e-05
18560,0.0047013294
18570,2.1134621e-05
18580,0.00073632074
18590,0.00037426403
18600,0.0065243663
18610,0.032459237
18620,4.4595683e-05
18630,0.0016699785
18640,0.00012594457
18650,0.010300109
18660,0.00823549
18670,0.005681428
18680,0.0001265819
18690,0.0033197657
18700,0.0020298806
18710,0.0008542603
18720,0.004860441
18730,0.0003522118
18740,0.00025632101
18750,0.0056065186
18760,0.012269198
18770,0.00023529537
18780,0.002068549
18790,0.041504093
18800,0.0003800079
18810,0.00022665033
18820,0.0001962208
18830,4.4858494e-05
18840,0.0003074444
18850,0.0011885879
18860,0.034776445
18870,5.0881128e-05
18880,0.002319641
18890,0.008773452
18900,0.000413741
18910,0.00056337804
18920,0.00054593396
18930,0.0008240259
18940,0.0012357194
18950,2.3126828e-05
18960,0.006084245
18970,0.0023576487
18980,0.01873955
18990,0.013451671
19000,0.003843626
19010,3.7988797e-05
19020,0.00048485873
19030,3.588993e-05
19040,0.00038097464
19050,0.0025193363
19060,0.0016284098
19070,0.0032846231
19080,0.011296067
19090,0.0065502184
19100,0.0007172116
19110,3.5410754e-05
19120,0.0024954402
19130,0.00027976066
19140,0.00076653244
19150,6.1520055e-05
19160,0.0015160303
19170,0.0005296331
19180,0.017363615
19190,0.031007262
19200,0.02805824
19210,0.00252139
19220,0.0041311635
19230,0.0001964425
19240,0.00068669487
19250,0.0063417987
19260,0.0025909196
19270,0.00040224617
19280,0.00020138426
19290,0.0031834454
19300,0.032038536
19310,0.014006657
19320,0.0005764448
19330,0.00020773632
19340,0.00038412283
19350,0.00013218178
19360,0.000523456
19370,0.00032608933
19380,0.0087585235
19390,4.5854827e-05
19400,0.00037588735
19410,0.00018276891
19420,0.0003641059
19430,0.005634646
19440,6.5401015e-05
19450,0.015560618
19460,0.014935915
19470,5.3109157e-05
19480,2.2864479e-05
19490,0.00024926921
19500,0.0028849072
19510,0.0054970398
19520,0.0009665801
19530,0.041056886
19540,5.909274e-05
19550,0.00015388789
19560,0.0007795619
19570,0.02286667
19580,2.17069e-05
19590,5.477426e-05
19600,0.0001274402
19610,0.0008009936
19620,0.0017851868
19630,1.8960707e-06
19640,0.058135387
19650,1.2199675e-06
19660,0.0006389589
19670,7.4268355e-05
19680,0.00016834639
19690,0.010591577
19700,0.001563265
19710,0.0002908986
19720,8.47695e-05
19730,4.8239974e-05
19740,0.0022089912
19750,0.00016269795
19760,0.019119836
19770,4.7602196e-05
19780,0.0020232482
19790,3.2625125e-05
19800,0.0005010032
19810,3.838207e-05
19820,0.0046695853
19830,0.00010684652
19840,0.001326695
19850,0.003966727
19860,0.00019356082
19870,0.00014312784
19880,0.000117072195
19890,0.046247076
19900,0.00045651477
19910,0.00023569606
19920,0.03171065
19930,0.018478537
19940,0.0029159186
19950,0.002318112
19960,7.590317e-05
19970,0.0003057649
19980,0.00030986086
19990,0.0016064272
20000,0.0010726146
20010,0.000680894
20020,8.472732e-05
20030,0.008170459
20040,0.00015803699
20050,0.0002032027
20060,4.4744826e-05
20070,0.002149228
20080,0.0022873345
20090,2.0836305e-05
20100,0.003534817
20110,0.00013511941
20120,0.049369812
20130,0.01161031
20140,0.00013351091
20150,0.016032215
20160,0.00023812574
20170,0.0006575678
20180,0.023571096
20190,5.5970602e-05
20200,0.01228998
20210,0.00044567906
20220,0.011615053
20230,0.052478407
20240,0.00010188129
20250,0.0007151897
20260,0.0015860412
20270,0.0054232185
20280,0.017723965
20290,0.0067013204
20300,0.051244784
20310,0.00021495935
20320,0.0007173589
20330,0.0037392848
20340,0.0049138013
20350,1.7283535e-05
20360,0.0026336275
20370,0.0076926425
20380,0.0015061036
20390,0.053936828
20400,0.025311865
20410,0.0071117873
20420,0.0014630714
20430,8.631663e-05
20440,0.0144797135
20450,0.008375006
20460,0.0023923432
20470,0.00045634742
20480,2.2378201e-06
20490,3.2436878e-05
20500,0.0001769103
20510,0.007977145
20520,2.8437944e-05
20530,0.0022757044
20540,0.00058491447
20550,0.0035353587
20560,0.0008834947
20570,0.0009010855
20580,0.0010910002
20590,0.019483345
20600,1.3876662e-07
20610,0.00043414318
20620,0.022968976
20630,0.008932697
20640,0.012540446
20650,0.004134095
20660,0.026937068
20670,0.045299802
20680,0.00017454545
20690,0.03359904
20700,0.00127741
20710,0.00011591023
20720,9.0601505e-05
20730,5.3483727e-05
20740,0.0014032047
20750,0.00012937025
20760,0.0005399984
20770,0.00060895405
20780,0.00021444357
20790,2.0351536e-05
20800,0.00037984288
20810,0.0027019412
20820,0.00042289487
20830,0.0052611222
20840,0.0007972963
20850,0.07237411
20860,0.0011258826
20870,0.00049354596
20880,0.0039918995
20890,0.00016410946
20900,3.2411728e-05
20910,0.00010247607
20920,7.518985e-06
20930,0.0019064443
20940,1.5307041e-05
20950,0.0004934748
20960,0.003177787
20970,0.0019437968
20980,0.001783232
20990,0.000555963
21000,0.000200144
21010,0.0021985178
21020,3.2037206e-05
21030,6.7370506e-06
21040,2.1513478e-07
21050,3.1989923e-05
21060,2.4541867e-05
21070,0.0031972802
21080,0.0016211362
21090,0.000245786
21100,9.39818e-05
21110,1.228013e-05
21120,0.006739401
21130,0.00017863372
21140,0.005546016
21150,0.025758848
21160,0.0010074866
21170,8.551624e-05
21180,0.038800377
21190,0.0042393445
21200,0.00038452842
21210,0.0069419607
21220,0.00031148977
21230,4.6577006e-05
21240,0.0002113845
21250,0.009398525
21260,0.088784605
21270,0.00022757801
21280,0.0055748783
21290,0.011373318
21300,0.00012581161
21310,0.028692102
21320,6.4373766e-05
21330,0.01340135
21340,0.00025594802
21350,3.581911e-05
21360,0.0045362357
21370,0.0006660002
21380,0.00014748606
21390,0.028100805
21400,0.0017410293
21410,0.00932389
21420,0.00019063451
21430,0.00038108326
21440,0.0026134746
21450,0.00021372121
21460,0.002040886
21470,0.0006569697
21480,0.006235146
21490,0.00011521815
21500,0.0018292948
21510,5.7338617e-05
21520,0.0017656602
21530,0.019745689
21540,0.0006346933
21550,0.000417162
21560,0.0003524015
21570,0.00019360709
21580,0.00081706065
21590,0.003322281
21600,0.010696547
21610,0.006934858
21620,0.041838545
21630,0.0021335522
21640,0.021569693
21650,0.00011252354
21660,7.241949e-05
21670,0.006371498
21680,0.0045259395
21690,0.00014200299
21700,0.0012670573
21710,0.00084643916
21720,3.140886e-05
21730,0.0011895184
21740,0.0023651707
21750,0.010284591
21760,0.008504177
21770,3.9477058e-05
21780,0.00083550345
21790,0.0005404276
21800,0.00027623467
21810,0.0025602197
21820,0.0031355694
21830,0.019438157
21840,0.00267888
21850,0.0045771813
21860,0.00025802533
21870,0.0010104862
21880,9.291184e-05
21890,4.5147273e-05
21900,0.00016342489
21910,0.0070755915
21920,0.00015876068
21930,0.012255252
21940,0.009717742
21950,0.00036953916
21960,0.0006589999
21970,0.00028895703
21980,0.00016336657
21990,0.0012316662
22000,0.0069839745
22010,0.00015080697
22020,0.0005443978
22030,0.02022786
22040,4.0863422e-05
22050,0.000282159
22060,0.037273187
22070,4.740361e-05
22080,0.00012872301
22090,0.049027998
22100,0.00094139756
22110,0.007071755
22120,0.0018526862
22130,0.00017908622
22140,0.0004394772
22150,5.3026306e-06
22160,0.00030682728
22170,0.00016414678
22180,0.0066884323
22190,0.000362881
22200,4.489428e-06
22210,8.768924e-05
22220,0.0027522652
22230,7.7738136e-05
22240,0.0016839295
22250,0.0005505674
22260,0.0012338946
22270,0.00073068833
22280,0.033470783
22290,0.004830459
22300,0.00016810026
22310,0.00046509964
22320,0.00037886685
22330,0.0005336047
22340,6.23307e-05
22350,6.6892615e-05
22360,7.250231e-05
22370,0.0026047227
22380,0.0009692467
22390,0.0006378959
22400,7.8158235e-05
22410,0.0009829729
22420,4.998825e-06
22430,0.0003371638
22440,0.0012533156
22450,0.0009875693
22460,3.3530294e-05
22470,0.00050180324
22480,0.0010295681
22490,0.006970631
22500,0.00019677055
22510,0.001106878
22520,0.002153569
22530,0.010151874
22540,0.00043352562
22550,0.0019020663
22560,0.001804556
22570,0.00045481118
22580,0.0005374246
22590,0.0010510238
22600,2.787295e-05
22610,1.5059594e-05
22620,0.005129814
22630,7.113773e-06
22640,0.0034877053
22650,0.0009774168
22660,0.00035368162
22670,2.8546769e-05
22680,6.995749e-05
22690,0.00176905
22700,0.008538623
22710,8.494711e-06
22720,0.011224966
22730,0.0016412628
22740,0.0009203658
22750,1.4753585e-05
22760,0.0035406407
22770,0.00029954378
22780,0.00021852624
22790,0.0016876435
22800,0.0073684677
22810,8.8545334e-05
22820,0.0011818642
22830,0.0001646665
22840,7.899433e-06
22850,8.6557564e-05
22860,0.0026788495
22870,0.00020501135
22880,0.00040032488
22890,0.000101968864
22900,0.01422317
22910,0.00010524975
22920,0.0015292946
22930,0.00010077527
22940,0.039936677
22950,0.0001660531
22960,0.0003087973
22970,0.0017276646
22980,0.0069035003
22990,0.03248185
23000,0.00049271755
23010,0.0015169716
23020,5.1964464e-05
23030,0.00040039644
23040,0.008386449
23050,5.92439e-06
23060,0.0003235198
23070,0.0007573138
23080,0.0011104506
23090,0.0059372676
23100,0.00025703196
23110,0.00027085032
23120,4.3550077e-05
23130,0.0011508646
23140,0.00035003736
23150,0.00049656525
23160,0.0005974914
23170,0.000136296
23180,0.00024639437
23190,0.0021746387
23200,7.879797e-05
23210,5.8434634e-06
23220,0.00013491882
23230,0.03738676
23240,0.010905509
23250,0.00038676185
23260,0.00861294
23270,0.0010530518
23280,0.0039709597
23290,0.0013551086
23300,0.0026675626
23310,0.00037131333
23320,0.001598545
23330,0.0007818203
23340,6.6966586e-06
23350,3.2948465e-06
23360,9.91966e-06
23370,7.1315444e-05
23380,1.641186e-05
23390,0.0022025234
23400,3.20959e-05
23410,0.0009335533
23420,1.5777217e-05
23430,2.1564556e-05
23440,1.6647224e-05
23450,4.3865006e-07
23460,1.5680433e-05
23470,0.031565603
23480,2.9552371e-05
23490,4.406987e-05
23500,5.2883174e-06
23510,0.036615703
23520,5.3312742e-05
23530,6.380111e-05
23540,0.00065493735
23550,0.00040540783
23560,7.229544e-05
23570,0.00084152597
23580,0.0001561159
23590,0.0036973334
23600,0.0027554962
23610,0.034492455
23620,0.0052666357
23630,0.031333283
23640,0.0034394132
23650,0.01788212
23660,0.020737015
23670,0.031886026
23680,0.00018439791
23690,0.0004136616
23700,0.0007295729
23710,4.1187053e-05
23720,0.02307181
23730,0.0008588399
23740,0.0033532581
23750,0.00035155084
23760,0.00028427868
23770,0.00039324907
23780,7.9463534e-05
23790,6.8743495e-05
23800,0.00013188334
23810,2.9206647e-05
23820,0.038229942
23830,0.00021915388
23840,3.5712532e-05
23850,0.00027695668
23860,0.00033451017
23870,0.0004887707
23880,0.051001728
23890,1.4881123e-05
23900,0.002336702
23910,7.49158e-05
23920,0.004440056
23930,0.00017516129
23940,0.0028751842
23950,4.6914913e-05
23960,0.00029672467
23970,0.02634184
23980,0.0009731024
23990,0.0013823609
24000,0.0006897582
24010,0.016658535
24020,0.030749746
24030,0.00017313748
24040,0.00047849753
24050,8.9850044e-05
24060,0.0003254765
24070,4.7557337e-06
24080,0.00093444216
24090,0.0024694926
24100,0.0034355714
24110,0.006908609
24120,0.0020180242
24130,0.00062544807
24140,0.00047024488
24150,0.00054627354
24160,2.2434442e-05
24170,6.462364e-06
24180,0.00033933454
24190,7.896239e-05
24200,0.016858574
24210,0.003952861
24220,6.0255392e-05
24230,0.00046454737
24240,0.00034489227
24250,7.88726e-05
24260,6.4643245e-05
24270,0.0014507666
24280,5.977487e-06
24290,0.0006261614
24300,3.2405173e-05
24310,2.0520962e-05
24320,0.00041427693
24330,0.004901384
24340,0.0067328857
24350,2.8142604e-06
24360,0.00011869243
24370,0.00039222973
24380,0.0010253028
24390,0.001017802
24400,0.0019375071
24410,2.0394298e-05
24420,0.00011493089
24430,0.0014311495
24440,0.001626753
24450,0.0020645442
24460,0.0012762643
24470,0.0073469677
24480,0.0006069451
24490,0.00031207124
24500,0.0028593491
24510,0.00900114
24520,0.0026916997
24530,0.023220476
24540,0.012117454
24550,0.0016825045
24560,0.0034102746
24570,3.1943858e-07
24580,2.8528468e-05
24590,5.1501606e-06
24600,0.017144943
24610,0.011727145
24620,0.0013406493
24630,0.0034237516
24640,0.016168037
24650,2.3066304e-06
24660,7.116466e-05
24670,0.0013117606
24680,0.0004248521
24690,2.1354617e-06
24700,0.0021086049
24710,0.0102741
24720,0.07232709
24730,0.019235913
24740,0.00033322396
24750,0.0010954773
24760,0.00232512
24770,0.00022315128
24780,0.015233713
24790,0.010422191
24800,0.00040668357
24810,0.0015691685
24820,0.00036311685
24830,0.00012196888
24840,0.025492601
24850,0.00072580174
24860,0.00031838825
24870,0.0006548691
24880,7.95864e-06
24890,8.786874e-06
24900,0.003902508
24910,0.000624915
24920,9.021076e-05
24930,0.0042319354
24940,0.00010068971
24950,0.0014267543
24960,4.212078e-05
24970,0.00033804675
24980,1.19768565e-05
24990,1.03266775e-05
