step,epoch,syncs,loss,time,com_time,calc_time,exper_id
1,1,0,2.3036962,2.7564961910247803,0.0,0.0,290
2,1,1,2.3010375,3.747422218322754,0.9101769924163818,0.002959012985229492,290
3,1,1,2.2912562,3.8136863708496094,0.917881965637207,0.004068851470947266,290
4,1,1,2.2772832,3.873328685760498,0.9222378730773926,0.005155801773071289,290
5,1,2,2.2990203,4.75611138343811,1.7284181118011475,0.006222724914550781,290
6,1,2,2.224763,4.8234639167785645,1.7377231121063232,0.007332563400268555,290
7,1,2,2.177515,4.888448715209961,1.745589256286621,0.008403539657592773,290
8,1,3,2.135724,5.769177675247192,2.5476479530334473,0.009436607360839844,290
9,1,3,1.8867087,5.8339269161224365,2.555166006088257,0.010497808456420898,290
10,1,3,1.7513024,5.894472122192383,2.559962034225464,0.011534690856933594,290
11,1,3,1.7920939,5.957588195800781,2.5690090656280518,0.012567758560180664,290
12,1,4,1.6558464,6.8367884159088135,3.371662139892578,0.01359868049621582,290
13,1,4,1.4419659,6.901296854019165,3.378538131713867,0.01469564437866211,290
14,1,4,1.1946626,6.962293386459351,3.384204149246216,0.015749454498291016,290
15,2,4,1.3016208,7.021254062652588,3.387003183364868,0.016851425170898438,290
16,2,5,1.2365049,8.056734561920166,4.348932981491089,0.017926454544067383,290
17,2,5,0.86327326,8.123881816864014,4.35788893699646,0.019062519073486328,290
18,2,5,0.9910027,8.184699535369873,4.360727071762085,0.020143508911132812,290
19,2,5,1.0101004,8.24554443359375,4.364303112030029,0.021230459213256836,290
20,2,6,1.1450365,9.147245645523071,5.186950206756592,0.02227044105529785,290
21,2,6,0.57991827,9.21134901046753,5.194493293762207,0.023368358612060547,290
22,2,6,0.6005823,9.271448850631714,5.199313163757324,0.0244443416595459,290
23,2,6,0.6457993,9.333364725112915,5.2049031257629395,0.025518417358398438,290
24,2,6,0.73507035,9.393363237380981,5.207533121109009,0.026603221893310547,290
25,2,7,0.59712034,10.492632627487183,6.228998184204102,0.02768111228942871,290
26,2,7,0.5946266,10.556692838668823,6.234433174133301,0.028753042221069336,290
27,2,7,0.33537126,10.619331121444702,6.24093222618103,0.029906034469604492,290
28,2,7,0.5447036,10.680187702178955,6.244335174560547,0.03094005584716797,290
29,3,7,0.48762813,10.740308284759521,6.247226238250732,0.032002925872802734,290
30,3,8,0.546373,11.600711584091187,7.031482219696045,0.03304171562194824,290
31,3,8,0.2838002,11.664302587509155,7.036595106124878,0.034140825271606445,290
32,3,8,0.31255245,11.72670865058899,7.0430920124053955,0.03518986701965332,290
33,3,8,0.2452389,11.787681579589844,7.046478986740112,0.036270856857299805,290
34,3,8,0.47653282,11.84952974319458,7.0526440143585205,0.037343740463256836,290
35,3,9,0.34452295,12.751386165618896,7.8763511180877686,0.03838086128234863,290
36,3,9,0.27836418,12.81586217880249,7.882966995239258,0.03947877883911133,290
37,3,9,0.16913968,12.875340700149536,7.887534856796265,0.040558815002441406,290
38,3,9,0.23852552,12.938927412033081,7.896096706390381,0.04164576530456543,290
39,3,9,0.28680912,12.99948525428772,7.899962663650513,0.04268765449523926,290
40,3,9,0.23412701,13.06148910522461,7.904921531677246,0.04374074935913086,290
41,3,10,0.38887265,13.914366960525513,8.68020248413086,0.04478263854980469,290
42,3,10,0.18448421,13.979948282241821,8.688278436660767,0.045836687088012695,290
43,3,10,0.3109542,14.040497303009033,8.693909406661987,0.04689764976501465,290
44,4,10,0.13770087,14.100923538208008,8.696471452713013,0.04798769950866699,290
45,4,10,0.18409133,14.164682626724243,8.702669382095337,0.04906272888183594,290
46,4,10,0.17684577,14.224616765975952,8.706799507141113,0.050145864486694336,290
47,4,11,0.2721561,15.237545251846313,9.64283561706543,0.051219940185546875,290
48,4,11,0.16443487,15.301394701004028,9.648893594741821,0.052284955978393555,290
49,4,11,0.09832023,15.36195182800293,9.654884576797485,0.053305864334106445,290
50,4,11,0.24832217,15.422994613647461,9.66209864616394,0.05433392524719238,290
51,4,11,0.2578327,15.484608888626099,9.667236566543579,0.05536293983459473,290
52,4,11,0.19746494,15.545913696289062,9.671222686767578,0.0563960075378418,290
53,4,11,0.248949,15.607290029525757,9.675798654556274,0.05742192268371582,290
54,4,12,0.1609268,16.49694037437439,10.486863613128662,0.0585019588470459,290
55,4,12,0.088486776,16.55857491493225,10.491590738296509,0.0596010684967041,290
56,4,12,0.13389365,16.619064807891846,10.494866847991943,0.060668230056762695,290
57,4,12,0.28735858,16.680524587631226,10.500314950942993,0.06173419952392578,290
58,5,12,0.29344052,16.739517211914062,10.503219842910767,0.0628361701965332,290
59,5,12,0.1986428,16.80194091796875,10.510149955749512,0.06387019157409668,290
60,5,12,0.17604856,16.8626127243042,10.51307988166809,0.0649111270904541,290
61,5,13,0.18966693,17.735331296920776,11.309021949768066,0.06595206260681152,290
62,5,13,0.17643932,17.800175189971924,11.317186832427979,0.06702899932861328,290
63,5,13,0.2765562,17.860973358154297,11.321822881698608,0.06812286376953125,290
64,5,13,0.19831327,17.92061734199524,11.325072050094604,0.06919574737548828,290
65,5,13,0.18823677,17.981972694396973,11.331408023834229,0.07026267051696777,290
66,5,13,0.12012567,18.043286085128784,11.337047100067139,0.07134461402893066,290
67,5,13,0.1453825,18.106483459472656,11.341820001602173,0.07241964340209961,290
68,5,14,0.23630908,18.96789002418518,12.125740051269531,0.07349157333374023,290
69,5,14,0.039490618,19.028335332870483,12.130380153656006,0.07459044456481934,290
70,5,14,0.031595636,19.089399337768555,12.134010076522827,0.07565140724182129,290
71,5,14,0.10543203,19.14931035041809,12.136638164520264,0.07671761512756348,290
72,6,14,0.15545623,19.211043119430542,12.139867067337036,0.07782363891601562,290
73,6,14,0.09920661,19.271164417266846,12.142544984817505,0.07912564277648926,290
74,6,14,0.16881798,19.332926273345947,12.14734411239624,0.08043456077575684,290
75,6,15,0.17516053,20.198522806167603,12.936462163925171,0.08172941207885742,290
76,6,15,0.08552399,20.265828847885132,12.94564938545227,0.0828254222869873,290
77,6,15,0.0879282,20.326592683792114,12.948818445205688,0.08389639854431152,290
78,6,15,0.13350175,20.38729953765869,12.95253038406372,0.08496427536010742,290
79,6,15,0.17495011,20.448372840881348,12.956796407699585,0.08603525161743164,290
80,6,15,0.18239015,20.508219957351685,12.960536241531372,0.08712029457092285,290
81,6,15,0.16142517,20.569458961486816,12.963655233383179,0.08816337585449219,290
82,6,16,0.09212397,21.453855991363525,13.768417119979858,0.08920431137084961,290
83,6,16,0.029383756,21.51492214202881,13.773636102676392,0.09026622772216797,290
84,6,16,0.07131413,21.576188802719116,13.777297019958496,0.09130740165710449,290
85,6,16,0.10105181,21.637134313583374,13.780740022659302,0.09234046936035156,290
86,6,16,0.08086072,21.697398900985718,13.786497116088867,0.0934145450592041,290
87,7,16,0.058473296,21.756409406661987,13.789125204086304,0.09452533721923828,290
88,7,16,0.10528049,21.81956911087036,13.7972412109375,0.09562540054321289,290
89,7,17,0.097575456,22.855161905288696,14.752710819244385,0.0967092514038086,290
90,7,17,0.060100697,22.920295476913452,14.760692834854126,0.09780502319335938,290
91,7,17,0.09822285,22.98241138458252,14.765769720077515,0.0988759994506836,290
92,7,17,0.13276832,23.042754888534546,14.768961668014526,0.09995293617248535,290
93,7,17,0.143625,23.104252099990845,14.773220777511597,0.10099387168884277,290
94,7,17,0.12245861,23.16474676132202,14.776130676269531,0.10207390785217285,290
95,7,17,0.034258895,23.225447416305542,14.78018069267273,0.10310602188110352,290
96,7,18,0.19492535,24.397844791412354,15.876267671585083,0.10416102409362793,290
97,7,18,0.12801957,24.464231967926025,15.884833574295044,0.10524702072143555,290
98,7,18,0.08241469,24.526558876037598,15.890853643417358,0.10630297660827637,290
99,7,18,0.07917108,24.58635973930359,15.895696640014648,0.10734701156616211,290
100,7,18,0.17104656,24.647947549819946,15.901542663574219,0.10841584205627441,290
101,8,18,0.08372133,24.70993947982788,15.904494762420654,0.10975885391235352,290
102,8,18,0.086733714,24.772841453552246,15.909022808074951,0.11105704307556152,290
103,8,19,0.06446395,25.64086151123047,16.702039003372192,0.11235499382019043,290
104,8,19,0.06245009,25.710870027542114,16.714468002319336,0.11344408988952637,290
105,8,19,0.064952716,25.771403789520264,16.717888116836548,0.11455225944519043,290
106,8,19,0.015619823,25.832337617874146,16.724159002304077,0.11564135551452637,290
107,8,19,0.20017126,25.895260334014893,16.730415105819702,0.11672425270080566,290
108,8,19,0.07106943,25.956379890441895,16.734774112701416,0.11778640747070312,290
109,8,19,0.095586866,26.018272876739502,16.742242097854614,0.11885738372802734,290
110,8,20,0.14063248,26.882270574569702,17.53168296813965,0.11993241310119629,290
111,8,20,0.03562062,26.9476158618927,17.540690898895264,0.12100434303283691,290
112,8,20,0.06963848,27.008944988250732,17.545923948287964,0.12208437919616699,290
113,8,20,0.07737064,27.06850838661194,17.548197031021118,0.12337255477905273,290
114,8,20,0.057950728,27.129499435424805,17.552250862121582,0.12465834617614746,290
115,8,20,0.08281691,27.19146966934204,17.55802893638611,0.1259603500366211,290
116,9,20,0.10277537,27.251477003097534,17.56101703643799,0.12711143493652344,290
117,9,21,0.14245768,28.327805042266846,18.55604100227356,0.12818455696105957,290
118,9,21,0.18653077,28.387175798416138,18.55868101119995,0.12927961349487305,290
119,9,21,0.08241266,28.449622869491577,18.563617944717407,0.130354642868042,290
120,9,21,0.05807714,28.50933861732483,18.565698862075806,0.13143587112426758,290
121,9,21,0.13716,28.57043719291687,18.570957899093628,0.13251805305480957,290
122,9,21,0.11249991,28.629518747329712,18.575074911117554,0.13361406326293945,290
123,9,21,0.058373168,28.691509246826172,18.582753896713257,0.13469409942626953,290
124,9,22,0.09288308,29.559820413589478,19.37091612815857,0.13576102256774902,290
125,9,22,0.026033182,29.623581886291504,19.377687215805054,0.13701415061950684,290
126,9,22,0.1248392,29.68635582923889,19.38308334350586,0.13809919357299805,290
127,9,22,0.14365299,29.7483229637146,19.38910937309265,0.13918209075927734,290
128,9,22,0.031870794,29.80860424041748,19.39192032814026,0.14022612571716309,290
129,9,22,0.08625969,29.868146419525146,19.394522428512573,0.14130115509033203,290
130,10,22,0.105363764,29.928465843200684,19.397719383239746,0.14241313934326172,290
131,10,23,0.10326977,30.807411670684814,20.19661545753479,0.14350295066833496,290
132,10,23,0.02948685,30.870814561843872,20.203394651412964,0.14461302757263184,290
133,10,23,0.028415848,30.93212604522705,20.207157611846924,0.14568686485290527,290
134,10,23,0.03090153,30.992862224578857,20.2125186920166,0.1467609405517578,290
135,10,23,0.09022791,31.05462670326233,20.217788696289062,0.14784693717956543,290
136,10,23,0.04502658,31.11521315574646,20.220491886138916,0.14893388748168945,290
137,10,23,0.031925716,31.17637300491333,20.226760864257812,0.15000295639038086,290
138,10,24,0.056274112,32.03849148750305,21.011415719985962,0.15108680725097656,290
139,10,24,0.040048115,32.1017644405365,21.01755976676941,0.1521918773651123,290
140,10,24,0.026134228,32.16266393661499,21.021609783172607,0.15334677696228027,290
141,10,24,0.040623657,32.2235062122345,21.026562690734863,0.15442490577697754,290
142,10,24,0.17327331,32.28398251533508,21.031286478042603,0.15549802780151367,290
143,10,24,0.14947104,32.34521245956421,21.035447597503662,0.15657281875610352,290
144,11,24,0.09558544,32.406925678253174,21.038392782211304,0.15767192840576172,290
145,11,25,0.12820615,33.329509019851685,21.880271673202515,0.15871477127075195,290
146,11,25,0.04541084,33.390525102615356,21.884634733200073,0.15982675552368164,290
147,11,25,0.072815016,33.45183753967285,21.889548778533936,0.16090774536132812,290
148,11,25,0.066218555,33.51318955421448,21.893335580825806,0.16197681427001953,290
149,11,25,0.029620348,33.57404565811157,21.899149656295776,0.1630539894104004,290
150,11,25,0.022074245,33.634177684783936,21.904720544815063,0.1641249656677246,290
151,11,25,0.052948903,33.695515632629395,21.910402536392212,0.16519999504089355,290
152,11,26,0.07015684,34.80509924888611,22.9420645236969,0.1662750244140625,290
153,11,26,0.18477972,34.86638593673706,22.945842504501343,0.16733193397521973,290
154,11,26,0.043936726,34.928582429885864,22.95175552368164,0.1683659553527832,290
155,11,26,0.10188316,34.98983097076416,22.9573335647583,0.16939091682434082,290
156,11,26,0.016285442,35.051143407821655,22.963054656982422,0.17042303085327148,290
157,11,26,0.22970496,35.11076879501343,22.965818643569946,0.17145109176635742,290
158,11,26,0.035307344,35.172996044158936,22.970757484436035,0.17247724533081055,290
159,12,27,0.08632208,36.17444086074829,23.89431858062744,0.17357444763183594,290
160,12,27,0.045119192,36.23967242240906,23.902284622192383,0.17463350296020508,290
161,12,27,0.04115989,36.30190587043762,23.909167766571045,0.17567062377929688,290
162,12,27,0.05609853,36.36118292808533,23.911235809326172,0.1767425537109375,290
163,12,27,0.0740058,36.4212212562561,23.915019750595093,0.17781543731689453,290
164,12,27,0.1252316,36.48222851753235,23.918664932250977,0.17888641357421875,290
165,12,27,0.01807917,36.542640209198,23.923017978668213,0.17992138862609863,290
166,12,28,0.06820663,37.40428638458252,24.707463026046753,0.18096327781677246,290
167,12,28,0.042818006,37.47057104110718,24.71549391746521,0.18202733993530273,290
168,12,28,0.09919839,37.530508518218994,24.72079300880432,0.1830601692199707,290
169,12,28,0.01826757,37.59316921234131,24.72731304168701,0.18409013748168945,290
170,12,28,0.050063826,37.65337038040161,24.732680082321167,0.18511724472045898,290
171,12,28,0.020833824,37.7157621383667,24.73845624923706,0.18615221977233887,290
172,12,28,0.038073402,37.77676844596863,24.74305033683777,0.18717622756958008,290
173,13,29,0.06946358,38.66339421272278,25.548394203186035,0.18827509880065918,290
174,13,29,0.029674193,38.726627826690674,25.55474328994751,0.18936991691589355,290
175,13,29,0.1216393,38.788143157958984,25.55799627304077,0.19043993949890137,290
176,13,29,0.023622677,38.84721231460571,25.562143087387085,0.19150996208190918,290
177,13,29,0.05520327,38.90852737426758,25.56744909286499,0.19259190559387207,290
178,13,29,0.14605857,38.9710214138031,25.574554204940796,0.19367003440856934,290
179,13,29,0.049618363,39.03207969665527,25.578128337860107,0.1947340965270996,290
180,13,30,0.0910288,39.878324031829834,26.348511457443237,0.1958022117614746,290
181,13,30,0.03981132,39.94303107261658,26.35523748397827,0.1969010829925537,290
182,13,30,0.04004261,40.004252910614014,26.360426425933838,0.19797396659851074,290
183,13,30,0.036279693,40.067166566848755,26.36571741104126,0.19904303550720215,290
184,13,30,0.038068306,40.127697467803955,26.36893129348755,0.20011496543884277,290
185,13,30,0.034768894,40.18947458267212,26.375898361206055,0.20118403434753418,290
186,13,30,0.016417079,40.2506468296051,26.382063388824463,0.20226097106933594,290
187,13,31,0.025447534,41.11759090423584,27.16874861717224,0.20332694053649902,290
188,14,31,0.07015866,41.17856502532959,27.17176365852356,0.2044200897216797,290
189,14,31,0.006257859,41.24092960357666,27.176249742507935,0.20549607276916504,290
190,14,31,0.052001942,41.30216670036316,27.18052577972412,0.20656704902648926,290
191,14,31,0.017123671,41.36280012130737,27.186323881149292,0.2076249122619629,290
192,14,31,0.011260939,41.42489957809448,27.193487882614136,0.20869207382202148,290
193,14,31,0.002021646,41.48581910133362,27.196537971496582,0.20975899696350098,290
194,14,32,0.02427785,42.35139727592468,27.986164093017578,0.2108168601989746,290
195,14,32,0.20166753,42.41593861579895,27.990426063537598,0.2119159698486328,290
196,14,32,0.06392525,42.47520327568054,27.993935108184814,0.21300196647644043,290
197,14,32,0.051340885,42.53900218009949,28.002482175827026,0.21406912803649902,290
198,14,32,0.08579746,42.59986734390259,28.006453275680542,0.21514415740966797,290
199,14,32,0.02934146,42.66113209724426,28.01045536994934,0.21620512008666992,290
200,14,32,0.04680981,42.72264862060547,28.01547622680664,0.21728801727294922,290
201,14,33,0.07042785,43.6118004322052,28.82628107070923,0.21831417083740234,290
202,15,33,0.016235523,43.671403884887695,28.829092025756836,0.21938824653625488,290
203,15,33,0.027708907,43.73443579673767,28.835544109344482,0.22045516967773438,290
204,15,33,0.048887707,43.79616355895996,28.840280294418335,0.22150325775146484,290
205,15,33,0.10250956,43.858086824417114,28.84617328643799,0.22255635261535645,290
206,15,33,0.0067229536,43.919212102890015,28.851799249649048,0.22360920906066895,290
207,15,33,0.097569965,43.979817152023315,28.85586643218994,0.2246541976928711,290
208,15,34,0.019009473,44.872135639190674,29.6689555644989,0.22570204734802246,290
209,15,34,0.031740732,44.93601846694946,29.677420616149902,0.22678017616271973,290
210,15,34,0.04489213,44.997687101364136,29.681824445724487,0.22784709930419922,290
211,15,34,0.07597034,45.060760498046875,29.688499450683594,0.2289409637451172,290
212,15,34,0.0057819868,45.122337102890015,29.692161321640015,0.23000001907348633,290
213,15,34,0.043467034,45.18234372138977,29.69731640815735,0.23104119300842285,290
214,15,34,0.044167485,45.24233436584473,29.70079231262207,0.23209834098815918,290
215,15,35,0.042234756,46.11529541015625,30.495948314666748,0.23314118385314941,290
216,16,35,0.019204533,46.17490744590759,30.498805284500122,0.23421835899353027,290
217,16,35,0.031532425,46.23886275291443,30.50620722770691,0.2352733612060547,290
218,16,35,0.16426972,46.300671100616455,30.51295018196106,0.23636221885681152,290
219,16,35,0.108705126,46.367504596710205,30.523414134979248,0.2374134063720703,290
220,16,35,0.030740032,46.42748689651489,30.52833104133606,0.2384493350982666,290
221,16,35,0.047581576,46.48875617980957,30.53555703163147,0.2394883632659912,290
222,16,36,0.0550721,47.35061001777649,31.32251000404358,0.2405261993408203,290
223,16,36,0.12674536,47.41502046585083,31.328582048416138,0.2416541576385498,290
224,16,36,0.030573022,47.4754855632782,31.333582162857056,0.24273324012756348,290
225,16,36,0.014800794,47.53737735748291,31.339334964752197,0.24381804466247559,290
226,16,36,0.024432328,47.59813475608826,31.343057870864868,0.24485301971435547,290
227,16,36,0.043015964,47.65850377082825,31.34812092781067,0.24589204788208008,290
228,16,36,0.061950624,47.71974229812622,31.35482907295227,0.24723410606384277,290
229,16,37,0.05020553,48.59462213516235,32.14767503738403,0.24858689308166504,290
230,16,37,0.04058201,48.659035205841064,32.149840116500854,0.25023484230041504,290
231,17,37,0.09065488,48.719870805740356,32.15280318260193,0.2516317367553711,290
232,17,37,0.09788284,48.782469511032104,32.15722417831421,0.2527017593383789,290
233,17,37,0.09150216,48.84410786628723,32.16267704963684,0.2537686824798584,290
234,17,37,0.06270511,48.9137864112854,32.17594003677368,0.2548387050628662,290
235,17,37,0.0650965,48.97706937789917,32.18147802352905,0.2561156749725342,290
236,17,38,0.024236394,49.85327935218811,32.98086595535278,0.2574155330657959,290
237,17,38,0.0012580059,49.919490814208984,32.98959279060364,0.2584824562072754,290
238,17,38,0.055710007,49.98064136505127,32.994871616363525,0.2595174312591553,290
239,17,38,0.037027445,50.04247260093689,33.000927686691284,0.26055455207824707,290
240,17,38,0.033203103,50.10297775268555,33.0048565864563,0.2615935802459717,290
241,17,38,0.118401535,50.16367149353027,33.00979542732239,0.26262950897216797,290
242,17,38,0.044293627,50.22423815727234,33.01565647125244,0.26366138458251953,290
243,17,39,0.024985053,51.092467308044434,33.80436730384827,0.2646903991699219,290
244,17,39,0.032141205,51.15501832962036,33.809603452682495,0.2657625675201416,290
245,18,39,0.082995474,51.21548676490784,33.812599420547485,0.26685357093811035,290
246,18,39,0.0064946106,51.27857494354248,33.81831622123718,0.2679295539855957,290
247,18,39,0.04929889,51.33903932571411,33.82196927070618,0.2689945697784424,290
248,18,39,0.11476099,51.39956307411194,33.82810640335083,0.2700645923614502,290
249,18,39,0.014319245,51.461267709732056,33.83314919471741,0.27112555503845215,290
250,18,40,0.023617366,52.31617760658264,34.60787010192871,0.27217960357666016,290
251,18,40,0.043604437,52.37746477127075,34.612444162368774,0.2732686996459961,290
252,18,40,0.007635627,52.43908667564392,34.61443734169006,0.2743418216705322,290
253,18,40,0.13399008,52.498958110809326,34.617494344711304,0.2754087448120117,290
254,18,40,0.065523475,52.559529304504395,34.62184524536133,0.2764577865600586,290
255,18,40,0.029793866,52.62124943733215,34.62807536125183,0.27751779556274414,290
256,18,40,0.045643,52.6838960647583,34.634289264678955,0.27853870391845703,290
257,18,41,0.015491852,53.5503191947937,35.42887830734253,0.2795727252960205,290
258,18,41,0.07357588,53.625089168548584,35.44521522521973,0.2806377410888672,290
259,18,41,0.07104122,53.684844970703125,35.44731831550598,0.28186464309692383,290
260,19,41,0.015079327,53.74557185173035,35.45002627372742,0.2831296920776367,290
261,19,41,0.07846882,53.80679750442505,35.45660328865051,0.28417372703552246,290
262,19,41,0.03793795,53.868080854415894,35.460824489593506,0.285205602645874,290
263,19,41,0.072249435,53.92890381813049,35.46558666229248,0.2862715721130371,290
264,19,42,0.07119599,54.79796290397644,36.25463676452637,0.287306547164917,290
265,19,42,0.02951457,54.85854411125183,36.25877070426941,0.28838467597961426,290
266,19,42,0.014238804,54.92109537124634,36.26383090019226,0.2894575595855713,290
267,19,42,0.01775423,54.98132014274597,36.26836371421814,0.29053449630737305,290
268,19,42,0.059385367,55.04040169715881,36.27184271812439,0.29157042503356934,290
269,19,42,0.15786056,55.101836919784546,36.27902674674988,0.29262256622314453,290
270,19,43,0.048977032,55.988520860672,37.085389375686646,0.2936584949493408,290
271,19,43,0.023468876,56.04940748214722,37.09005951881409,0.29474663734436035,290
272,19,43,0.020908901,56.111058950424194,37.09373450279236,0.29582667350769043,290
273,19,43,0.037480853,56.171425342559814,37.09665060043335,0.29691076278686523,290
274,20,43,0.020451942,56.23081922531128,37.099528551101685,0.29801464080810547,290
275,20,43,0.033086427,56.2934205532074,37.10579466819763,0.2990877628326416,290
276,20,43,0.009665373,56.354705810546875,37.10939860343933,0.3001596927642822,290
277,20,44,0.01296786,57.24318242073059,37.91845440864563,0.3011915683746338,290
278,20,44,0.03241931,57.3025848865509,37.921382427215576,0.3022794723510742,290
279,20,44,0.06981562,57.36294960975647,37.92543435096741,0.30335164070129395,290
280,20,44,0.004705136,57.42304015159607,37.92992424964905,0.30440568923950195,290
281,20,44,0.02125265,57.48402738571167,37.93518114089966,0.30543065071105957,290
282,20,44,0.014751045,57.543580532073975,37.93780827522278,0.30649876594543457,290
283,20,44,0.048575114,57.60594844818115,37.94341516494751,0.3075246810913086,290
284,20,45,0.05182294,58.46802520751953,38.72729015350342,0.3085496425628662,290
285,20,45,0.021892555,58.53294014930725,38.735223054885864,0.30962562561035156,290
286,20,45,0.016220573,58.59291982650757,38.73858594894409,0.3106875419616699,290
287,20,45,0.023873616,58.656150341033936,38.74594211578369,0.3117506504058838,290
288,21,45,0.02977955,58.71631836891174,38.74867510795593,0.31284451484680176,290
289,21,45,0.033689536,58.77891159057617,38.753994941711426,0.31388235092163086,290
290,21,45,0.010944229,58.83895230293274,38.75722289085388,0.3149454593658447,290
291,21,46,0.02907241,59.71112942695618,39.550928831100464,0.3159823417663574,290
292,21,46,0.039956883,59.77416920661926,39.557106733322144,0.3171262741088867,290
293,21,46,0.029379474,59.83600187301636,39.56396174430847,0.3181943893432617,290
294,21,46,0.06619315,59.89644408226013,39.56865668296814,0.3192565441131592,290
295,21,46,0.03340187,59.9575252532959,39.574158668518066,0.3203115463256836,290
296,21,46,0.068539366,60.0181303024292,39.57827162742615,0.32137060165405273,290
297,21,46,0.046604253,60.08103370666504,39.58502149581909,0.3224484920501709,290
298,21,47,0.06779654,60.946125745773315,40.375739336013794,0.3235154151916504,290
299,21,47,0.04686284,61.0142035484314,40.38687229156494,0.32460641860961914,290
300,21,47,0.014854609,61.07499933242798,40.390228509902954,0.3256714344024658,290
301,21,47,0.0077291946,61.13577485084534,40.39519929885864,0.3267362117767334,290
302,21,47,0.08497214,61.19587826728821,40.40001130104065,0.32781219482421875,290
303,22,47,0.0057377475,61.25490713119507,40.40248727798462,0.32889413833618164,290
304,22,47,0.01745186,61.316821575164795,40.40872311592102,0.3299291133880615,290
305,22,48,0.0034450837,62.1851921081543,41.19803714752197,0.3309590816497803,290
306,22,48,0.019580483,62.251137018203735,41.20595097541809,0.33205199241638184,290
307,22,48,0.0064351643,62.31197953224182,41.211804151535034,0.3330869674682617,290
308,22,48,0.027503595,62.37280607223511,41.214651107788086,0.3341519832611084,290
309,22,48,0.0111401295,62.434439182281494,41.2189519405365,0.335191011428833,290
310,22,48,0.003983196,62.494667291641235,41.22329497337341,0.3362610340118408,290
311,22,48,0.043903023,62.55522418022156,41.22907590866089,0.3373401165008545,290
312,22,49,0.0040243007,63.635550022125244,42.231664180755615,0.3384082317352295,290
313,22,49,0.002940934,63.701550006866455,42.23967933654785,0.33947014808654785,290
314,22,49,0.045910828,63.76236391067505,42.243364334106445,0.34053635597229004,290
315,22,49,0.01373825,63.82175421714783,42.24570941925049,0.3416173458099365,290
316,22,49,0.047395706,63.88314390182495,42.24918723106384,0.34270644187927246,290
317,23,49,0.08605707,63.94369149208069,42.2521014213562,0.34380340576171875,290
318,23,49,0.052455887,64.00581121444702,42.25620937347412,0.34484243392944336,290
319,23,50,0.005788983,64.8905622959137,43.06401038169861,0.3459203243255615,290
320,23,50,0.14310296,64.95713925361633,43.07298254966736,0.3470163345336914,290
321,23,50,0.012468085,65.01751017570496,43.07780957221985,0.3480875492095947,290
322,23,50,0.027220478,65.07980632781982,43.08242750167847,0.34917449951171875,290
323,23,50,0.0064990446,65.14155006408691,43.08678150177002,0.35025644302368164,290
324,23,50,0.024616556,65.20328092575073,43.09252858161926,0.35132646560668945,290
325,23,50,0.058178894,65.2630763053894,43.095295429229736,0.3523986339569092,290
326,23,51,0.028787477,66.24774932861328,44.000038385391235,0.35346460342407227,290
327,23,51,0.02154508,66.3096489906311,44.00569438934326,0.35454654693603516,290
328,23,51,0.037518922,66.37124300003052,44.010133504867554,0.35561370849609375,290
329,23,51,0.008023844,66.43150568008423,44.014782667160034,0.3566915988922119,290
330,23,51,0.077555045,66.49297881126404,44.02125573158264,0.35776352882385254,290
331,23,51,0.05338931,66.55416941642761,44.02666664123535,0.35881638526916504,290
332,24,51,0.019049082,66.61323046684265,44.029319763183594,0.35991430282592773,290
333,24,52,0.0132045625,67.4947898387909,44.834266901016235,0.36098313331604004,290
334,24,52,0.008580668,67.56063199043274,44.8419668674469,0.3620641231536865,290
335,24,52,0.01966425,67.6212739944458,44.84553384780884,0.3631281852722168,290
336,24,52,0.02834241,67.68187117576599,44.84890389442444,0.3641982078552246,290
337,24,52,0.040870618,67.74288129806519,44.85303568840027,0.36527132987976074,290
338,24,52,0.08447394,67.80274319648743,44.857255697250366,0.36630821228027344,290
339,24,52,0.07621191,67.8635504245758,44.863035678863525,0.3673422336578369,290
340,24,53,0.023190623,68.72003197669983,45.640610456466675,0.3683762550354004,290
341,24,53,0.010869804,68.78245115280151,45.64681529998779,0.3694782257080078,290
342,24,53,0.0021164569,68.84255576133728,45.64925932884216,0.3705141544342041,290
343,24,53,0.02102974,68.90389728546143,45.65283441543579,0.3715531826019287,290
344,24,53,0.06313141,68.96462416648865,45.65784454345703,0.3726341724395752,290
345,24,53,0.069231756,69.02484035491943,45.662638425827026,0.37369704246520996,290
346,25,53,0.062661305,69.08398938179016,45.66507339477539,0.37477707862854004,290
347,25,54,0.0056063593,69.91641044616699,46.429635524749756,0.3758561611175537,290
348,25,54,0.02909784,69.99053835868835,46.445335388183594,0.37691426277160645,290
349,25,54,0.0035804708,70.0516402721405,46.450456380844116,0.3779482841491699,290
350,25,54,0.045696963,70.11178803443909,46.45369529724121,0.3790152072906494,290
351,25,54,0.035618078,70.17203855514526,46.45604920387268,0.3800773620605469,290
352,25,54,0.039593436,70.23281383514404,46.45875430107117,0.3811464309692383,290
353,25,54,0.05654113,70.29278087615967,46.4627583026886,0.38221144676208496,290
354,25,55,0.03548711,71.26278924942017,47.35407304763794,0.38329529762268066,290
355,25,55,0.006472637,71.32800650596619,47.36320495605469,0.3843562602996826,290
356,25,55,0.009687969,71.39135241508484,47.36861705780029,0.3853912353515625,290
357,25,55,0.021733863,71.45180630683899,47.37163019180298,0.3864161968231201,290
358,25,55,0.1017452,71.51252245903015,47.37569308280945,0.3874480724334717,290
359,25,55,0.036007088,71.57518362998962,47.38108015060425,0.388477087020874,290
360,26,55,0.019424198,71.63569927215576,47.383862257003784,0.38956713676452637,290
361,26,56,0.017179564,72.68061661720276,48.3485803604126,0.39063119888305664,290
362,26,56,0.0072029107,72.74492359161377,48.35548424720764,0.39173007011413574,290
363,26,56,0.04299727,72.80684399604797,48.36066722869873,0.39276909828186035,290
364,26,56,0.038603205,72.86646437644958,48.364110231399536,0.3937962055206299,290
365,26,56,0.0464055,72.92832016944885,48.37015628814697,0.3948233127593994,290
366,26,56,0.02231302,72.98999905586243,48.37512135505676,0.39589929580688477,290
367,26,56,0.033942576,73.05006146430969,48.378209352493286,0.39693331718444824,290
368,26,57,0.0669709,73.89311337471008,49.144147634506226,0.3979804515838623,290
369,26,57,0.017810782,73.95604228973389,49.15078353881836,0.3990786075592041,290
370,26,57,0.0054281126,74.01727104187012,49.15499544143677,0.40018343925476074,290
371,26,57,0.041048437,74.07861948013306,49.16114354133606,0.4012644290924072,290
372,26,57,0.0042989543,74.13877272605896,49.16542339324951,0.40233731269836426,290
373,26,57,0.030045267,74.20022630691528,49.169445276260376,0.403409481048584,290
374,26,57,0.04114385,74.26029753684998,49.17200422286987,0.4044785499572754,290
375,27,58,0.0017728304,75.11967706680298,49.95277404785156,0.40557265281677246,290
376,27,58,0.010810049,75.1832184791565,49.95936703681946,0.40666866302490234,290
377,27,58,0.0045055025,75.24512004852295,49.964195013046265,0.40769362449645996,290
378,27,58,0.09811394,75.30656886100769,49.96966218948364,0.40871763229370117,290
379,27,58,0.007875318,75.3680944442749,49.975176095962524,0.4097425937652588,290
380,27,58,0.01653763,75.4282329082489,49.97880816459656,0.41075968742370605,290
381,27,58,0.089283206,75.49034309387207,49.98371195793152,0.41178464889526367,290
382,27,59,0.0077796513,76.33877849578857,50.754887104034424,0.41278958320617676,290
383,27,59,0.024706507,76.39859747886658,50.758681297302246,0.4138805866241455,290
384,27,59,0.04508491,76.46077346801758,50.76540541648865,0.4149336814880371,290
385,27,59,0.0021940107,76.5205729007721,50.76791524887085,0.41600871086120605,290
386,27,59,0.08010501,76.5808515548706,50.77028036117554,0.41706371307373047,290
387,27,59,0.016861279,76.64236974716187,50.774574279785156,0.418123722076416,290
388,27,59,0.04846638,76.70271587371826,50.779741287231445,0.41926074028015137,290
389,28,60,0.0923688,77.5522232055664,51.550708293914795,0.4203526973724365,290
390,28,60,0.0095455805,77.61318373680115,51.555665254592896,0.42144250869750977,290
391,28,60,0.0035048865,77.67673444747925,51.561392068862915,0.42250561714172363,290
392,28,60,0.050886337,77.73652195930481,51.56427788734436,0.4235646724700928,290
393,28,60,0.016196609,77.79789304733276,51.56975698471069,0.4246237277984619,290
394,28,60,0.06809002,77.85814332962036,51.57237410545349,0.42569780349731445,290
395,28,60,0.017923307,77.91790580749512,51.57539415359497,0.4267749786376953,290
396,28,61,0.024137845,78.79556202888489,52.37533211708069,0.42783308029174805,290
397,28,61,0.024598343,78.85945177078247,52.38073015213013,0.4289240837097168,290
398,28,61,0.019574264,78.92231822013855,52.387367248535156,0.42998194694519043,290
399,28,61,0.04548642,78.98224020004272,52.39071321487427,0.4310479164123535,290
400,28,61,0.0065702354,79.04485392570496,52.39527225494385,0.4321107864379883,290
401,28,61,0.026754722,79.10411834716797,52.39920735359192,0.4331686496734619,290
402,28,61,0.029727614,79.16599535942078,52.40530037879944,0.4342305660247803,290
403,28,62,0.009984417,80.01619863510132,53.177316188812256,0.4352996349334717,290
404,29,62,0.0111066,80.07915043830872,53.18043923377991,0.4366304874420166,290
405,29,62,0.00918952,80.13981890678406,53.1841402053833,0.43770551681518555,290
406,29,62,0.042901013,80.20139765739441,53.18843913078308,0.438779354095459,290
407,29,62,0.012528409,80.26240062713623,53.19277811050415,0.43982744216918945,290
408,29,62,0.11381984,80.32219314575195,53.195598125457764,0.44089341163635254,290
409,29,62,0.0099066105,80.38309383392334,53.19900608062744,0.4419553279876709,290
410,29,63,0.04612185,81.26805472373962,54.00424337387085,0.4430103302001953,290
411,29,63,0.14143509,81.32963418960571,54.00857925415039,0.4440622329711914,290
412,29,63,0.010966108,81.38998413085938,54.01207232475281,0.44512414932250977,290
413,29,63,0.015333262,81.45176148414612,54.01635527610779,0.4461860656738281,290
414,29,63,0.029524382,81.51111674308777,54.02086925506592,0.44721388816833496,290
415,29,63,0.058460537,81.5733470916748,54.02729821205139,0.44823789596557617,290
416,29,63,0.021236606,81.63443946838379,54.0307252407074,0.44930386543273926,290
417,29,64,0.053148083,82.49943280220032,54.826162338256836,0.45032787322998047,290
418,30,64,0.012042722,82.55919647216797,54.829193353652954,0.45137572288513184,290
419,30,64,0.002073085,82.62186026573181,54.836180210113525,0.4524106979370117,290
420,30,64,0.0045176325,82.68514275550842,54.841814279556274,0.45343565940856934,290
421,30,64,0.02595317,82.7445068359375,54.8463671207428,0.4544546604156494,290
422,30,64,0.06874761,82.80526828765869,54.85193204879761,0.4554767608642578,290
423,30,64,0.055123594,82.86658549308777,54.857720136642456,0.45649290084838867,290
424,30,65,0.034897942,83.75396847724915,55.66765904426575,0.457507848739624,290
425,30,65,0.0011766811,83.81723952293396,55.67279005050659,0.4586188793182373,290
426,30,65,0.003865798,83.87808799743652,55.677489042282104,0.45968103408813477,290
427,30,65,0.003815632,83.93902850151062,55.68228793144226,0.46074700355529785,290
428,30,65,0.025327124,83.99954104423523,55.68530988693237,0.461820125579834,290
429,30,65,0.0323966,84.05934977531433,55.68903183937073,0.4628891944885254,290
430,30,65,0.095802486,84.11970067024231,55.69217085838318,0.4639551639556885,290
431,30,66,0.015381756,85.00030136108398,56.49808597564697,0.4650251865386963,290
432,31,66,0.00087158417,85.0601499080658,56.50120496749878,0.46615123748779297,290
433,31,66,0.0125544965,85.12336468696594,56.50660800933838,0.46721410751342773,290
434,31,66,0.009921102,85.18456387519836,56.51223802566528,0.46826910972595215,290
435,31,66,0.0106165055,85.24535059928894,56.51776909828186,0.46932125091552734,290
436,31,66,0.041444954,85.30738639831543,56.52373814582825,0.47037529945373535,290
437,31,66,0.013633132,85.36836075782776,56.52773332595825,0.47142839431762695,290
438,31,67,0.0928173,86.44495868682861,57.527549505233765,0.4724724292755127,290
439,31,67,0.014300646,86.50946736335754,57.53377151489258,0.47359132766723633,290
440,31,67,0.002059864,86.56906938552856,57.53799247741699,0.4746413230895996,290
441,31,67,0.002595041,86.6306037902832,57.544405698776245,0.47568845748901367,290
442,31,67,0.0019195918,86.6907708644867,57.5488395690918,0.47673749923706055,290
443,31,67,0.0048800544,86.75137495994568,57.552369594573975,0.4777805805206299,290
444,31,67,0.013444181,86.81321549415588,57.55975866317749,0.4788234233856201,290
445,31,68,0.06195607,87.72192907333374,58.39140462875366,0.47986531257629395,290
446,31,68,0.033112764,87.78416275978088,58.39817667007446,0.4809303283691406,290
447,32,68,0.007901295,87.8436906337738,58.401299715042114,0.48201537132263184,290
448,32,68,0.009597695,87.906405210495,58.40664076805115,0.4830622673034668,290
449,32,68,0.006035609,87.96868467330933,58.411967754364014,0.484119176864624,290
450,32,68,0.027545035,88.02979230880737,58.41696763038635,0.4851841926574707,290
451,32,68,0.023465782,88.08995079994202,58.41919660568237,0.4864621162414551,290
452,32,69,0.016312918,88.98025870323181,59.22858643531799,0.4877490997314453,290
453,32,69,0.008385064,89.04404401779175,59.2338433265686,0.4890890121459961,290
454,32,69,0.0515944,89.1056067943573,59.24044632911682,0.4904050827026367,290
455,32,69,0.003800469,89.16663789749146,59.24400734901428,0.49169397354125977,290
456,32,69,0.009249248,89.22915196418762,59.25010442733765,0.4929790496826172,290
457,32,69,0.0067428453,89.2895781993866,59.254600286483765,0.49428606033325195,290
458,32,69,0.011908627,89.35104489326477,59.26005935668945,0.49556398391723633,290
459,32,69,0.023774732,89.41245293617249,59.263710260391235,0.49684810638427734,290
460,32,70,0.003094602,90.28069257736206,60.05474042892456,0.4979212284088135,290
461,33,70,0.0023032676,90.34183979034424,60.05791163444519,0.4990711212158203,290
462,33,70,0.004841146,90.40689373016357,60.06623077392578,0.5001430511474609,290
463,33,70,0.0017874575,90.4674346446991,60.07174277305603,0.5012099742889404,290
464,33,70,0.038823802,90.5281708240509,60.074697971343994,0.5022749900817871,290
465,33,70,0.013534674,90.5889880657196,60.07822585105896,0.5033340454101562,290
466,33,70,0.0020486678,90.65026640892029,60.08483386039734,0.5043871402740479,290
467,33,70,0.0031015924,90.71039009094238,60.08962798118591,0.5054481029510498,290
468,33,71,0.074494824,91.58265376091003,60.88578510284424,0.5065131187438965,290
469,33,71,0.023969436,91.6480541229248,60.893038272857666,0.5076041221618652,290
470,33,71,0.012294638,91.70946884155273,60.89889216423035,0.5086653232574463,290
471,33,71,0.0007862522,91.77004027366638,60.90244722366333,0.5097291469573975,290
472,33,71,0.0045187464,91.83064985275269,60.90665531158447,0.5107910633087158,290
473,33,71,0.004093406,91.89030385017395,60.91022825241089,0.5118541717529297,290
474,33,71,0.0534272,91.9503755569458,60.91424822807312,0.5129191875457764,290
475,34,72,0.010690152,92.83212876319885,61.718592405319214,0.5140171051025391,290
476,34,72,0.019454174,92.89730262756348,61.72578549385071,0.5150740146636963,290
477,34,72,0.010035213,92.95727467536926,61.73062753677368,0.5161080360412598,290
478,34,72,0.0006095253,93.0190863609314,61.738136529922485,0.517132043838501,290
479,34,72,0.053838674,93.07993483543396,61.742146492004395,0.518157958984375,290
480,34,72,0.0072404468,93.14203786849976,61.7479305267334,0.5191929340362549,290
481,34,72,0.010470986,93.20334315299988,61.753376483917236,0.5202288627624512,290
482,34,73,0.028093636,94.05355739593506,62.52309322357178,0.5212628841400146,290
483,34,73,0.0006380955,94.11513185501099,62.526063203811646,0.5223360061645508,290
484,34,73,0.0060508526,94.17523312568665,62.53045415878296,0.5234072208404541,290
485,34,73,0.0045260526,94.23650002479553,62.53664493560791,0.5244734287261963,290
486,34,73,0.017091738,94.29782795906067,62.54093384742737,0.5257632732391357,290
487,34,73,0.021969985,94.35819959640503,62.54371786117554,0.5270593166351318,290
488,34,73,0.018465886,94.41973233222961,62.54700565338135,0.5283513069152832,290
489,34,73,0.0037572873,94.48240184783936,62.55317258834839,0.5296423435211182,290
490,35,74,0.019011198,95.47192597389221,63.46287155151367,0.5307934284210205,290
491,35,74,0.0022277713,95.53379678726196,63.46769142150879,0.5318772792816162,290
492,35,74,0.038430743,95.59303045272827,63.469948291778564,0.5331642627716064,290
493,35,74,0.0035242268,95.65433597564697,63.47444033622742,0.5341932773590088,290
494,35,74,0.051916357,95.71543312072754,63.480549335479736,0.5352201461791992,290
495,35,74,0.0021818276,95.77492094039917,63.484519243240356,0.5362622737884521,290
496,35,74,0.00662748,95.8375415802002,63.49019122123718,0.5372922420501709,290
497,35,75,0.03326783,96.73221492767334,64.30530714988708,0.5383481979370117,290
498,35,75,0.003986621,96.79815459251404,64.31443500518799,0.5394461154937744,290
499,35,75,0.0018824087,96.85843682289124,64.31825494766235,0.5405139923095703,290
500,35,75,0.0018206974,96.91893553733826,64.32367086410522,0.5415830612182617,290
501,35,75,0.0006402322,96.98016381263733,64.32663893699646,0.5426571369171143,290
502,35,75,0.014469737,97.03949666023254,64.32958793640137,0.5437190532684326,290
503,35,75,0.024915595,97.10113072395325,64.33433508872986,0.5447869300842285,290
504,36,76,0.049056564,97.98482179641724,65.14338517189026,0.5458929538726807,290
505,36,76,0.03170649,98.04849648475647,65.14909029006958,0.5469779968261719,290
506,36,76,0.00054080266,98.11045360565186,65.15525341033936,0.5480310916900635,290
507,36,76,0.013974352,98.17075800895691,65.15849828720093,0.5490970611572266,290
508,36,76,0.037043363,98.23124146461487,65.16314220428467,0.5501542091369629,290
509,36,76,0.064895555,98.29314756393433,65.16933512687683,0.5512142181396484,290
510,36,76,0.036355246,98.35407996177673,65.1750340461731,0.5522713661193848,290
511,36,77,0.07026217,99.21867609024048,65.95999598503113,0.5533473491668701,290
512,36,77,0.0031396064,99.28730368614197,65.9715461730957,0.5544314384460449,290
513,36,77,0.005171402,99.34698271751404,65.97594809532166,0.5555052757263184,290
514,36,77,0.0648428,99.40980625152588,65.98343515396118,0.5565671920776367,290
515,36,77,0.021743594,99.47055411338806,65.986328125,0.5576391220092773,290
516,36,77,0.019525897,99.53124475479126,65.98945713043213,0.5587151050567627,290
517,36,77,0.011799896,99.5914146900177,65.99389410018921,0.5597701072692871,290
518,36,78,0.013182474,100.47462368011475,66.80012321472168,0.5608482360839844,290
519,37,78,0.021737782,100.53312754631042,66.8030891418457,0.5619492530822754,290
520,37,78,0.0055793272,100.59585547447205,66.81152701377869,0.5630073547363281,290
521,37,78,0.004117615,100.65770816802979,66.81753587722778,0.5640623569488525,290
522,37,78,0.002660122,100.72018504142761,66.82093405723572,0.5651462078094482,290
523,37,78,0.067581415,100.77934288978577,66.82474994659424,0.5662131309509277,290
524,37,78,0.031091442,100.843097448349,66.8326268196106,0.5672321319580078,290
525,37,79,0.08848762,101.72341442108154,67.63815975189209,0.5682961940765381,290
526,37,79,0.0016439601,101.79275703430176,67.65026378631592,0.569338321685791,290
527,37,79,0.0077256938,101.85397529602051,67.65478372573853,0.5703673362731934,290
528,37,79,0.0023950695,101.91459822654724,67.65980172157288,0.5714414119720459,290
529,37,79,0.06720168,101.97628211975098,67.66436457633972,0.5725033283233643,290
530,37,79,0.027943205,102.03616762161255,67.66690158843994,0.5735664367675781,290
531,37,79,0.050765783,102.09886050224304,67.67176461219788,0.5746264457702637,290
532,37,80,0.036434356,102.97821855545044,68.47286367416382,0.5756545066833496,290
533,38,80,0.006318439,103.03742814064026,68.47568464279175,0.5768284797668457,290
534,38,80,0.0013740154,103.09948897361755,68.48308873176575,0.5779035091400146,290
535,38,80,0.008407376,103.16281962394714,68.4893217086792,0.5789673328399658,290
536,38,80,0.04172652,103.22410726547241,68.49320363998413,0.5800282955169678,290
537,38,80,0.008043036,103.28500127792358,68.4952745437622,0.5813112258911133,290
538,38,80,0.047698595,103.34677720069885,68.498375415802,0.5825891494750977,290
539,38,80,0.10378182,103.40800881385803,68.50269436836243,0.5838680267333984,290
540,38,81,0.047899477,104.25360608100891,69.27220129966736,0.5851528644561768,290
541,38,81,0.05502565,104.31571078300476,69.27653527259827,0.5862288475036621,290
542,38,81,0.03546113,104.37717461585999,69.28323030471802,0.5872979164123535,290
543,38,81,0.008789979,104.43836903572083,69.28787040710449,0.5883560180664062,290
544,38,81,0.0075294417,104.49923372268677,69.29289937019348,0.5893769264221191,290
545,38,81,0.06700565,104.56088781356812,69.2976303100586,0.5904059410095215,290
546,38,81,0.027373113,104.62167096138,69.3034942150116,0.591465950012207,290
547,39,81,0.04634154,104.6811375617981,69.30637621879578,0.5925168991088867,290
548,39,82,0.013725894,105.54310369491577,70.09038925170898,0.5935490131378174,290
549,39,82,0.016435247,105.60647201538086,70.09621024131775,0.594606876373291,290
550,39,82,0.0010519866,105.66740345954895,70.1012613773346,0.5956697463989258,290
551,39,82,0.0042786244,105.72762799263,70.10398125648499,0.5967347621917725,290
552,39,82,0.00924547,105.78878998756409,70.10824227333069,0.5977897644042969,290
553,39,82,0.011866735,105.84892964363098,70.11296725273132,0.5989277362823486,290
554,39,82,0.009642312,105.90985345840454,70.11678314208984,0.5999937057495117,290
555,39,82,0.069909334,105.97003221511841,70.11991429328918,0.6010546684265137,290
556,39,83,0.0029181691,106.81173706054688,70.8866012096405,0.60211181640625,290
557,39,83,0.00016020187,106.87522482872009,70.89182901382446,0.6031827926635742,290
558,39,83,0.009891354,106.93537068367004,70.89718008041382,0.6042256355285645,290
559,39,83,0.0042931587,106.99631237983704,70.90330004692078,0.6052675247192383,290
560,39,83,0.0006875363,107.05808186531067,70.90870904922485,0.6063106060028076,290
561,39,83,0.003914858,107.11920666694641,70.91500520706177,0.6073586940765381,290
562,40,83,0.009387125,107.17839193344116,70.9181592464447,0.608433723449707,290
563,40,83,0.0057816743,107.24150705337524,70.92549443244934,0.6094787120819092,290
564,40,84,0.027582452,108.10419487953186,71.70928931236267,0.6105446815490723,290
565,40,84,0.00043878893,108.16808724403381,71.71742749214172,0.6116297245025635,290
566,40,84,0.0032774538,108.23182964324951,71.72395539283752,0.6126906871795654,290
567,40,84,0.04143973,108.29323148727417,71.72945427894592,0.613750696182251,290
568,40,84,0.012318952,108.35449147224426,71.73307418823242,0.6148176193237305,290
569,40,84,0.01258872,108.41571545600891,71.73673605918884,0.6158795356750488,290
570,40,84,0.020524591,108.48024344444275,71.74452590942383,0.616950511932373,290
571,40,84,0.03487719,108.54174399375916,71.74926090240479,0.6180136203765869,290
572,40,85,0.009741285,109.3995087146759,72.53006386756897,0.6190407276153564,290
573,40,85,0.00065639475,109.46787095069885,72.54121589660645,0.6201307773590088,290
574,40,85,0.00080299197,109.52952671051025,72.54643392562866,0.6212246417999268,290
575,40,85,0.00015260195,109.59091520309448,72.55009388923645,0.6223087310791016,290
576,41,85,0.012431997,109.6510705947876,72.55317902565002,0.6233975887298584,290
577,41,85,0.012176256,109.71144890785217,72.55675411224365,0.6244626045227051,290
578,41,85,0.003662886,109.77510786056519,72.5621120929718,0.6255266666412354,290
579,41,85,0.042868767,109.83568239212036,72.56491017341614,0.626842737197876,290
580,41,86,0.023068985,110.70445799827576,73.35335803031921,0.6281266212463379,290
581,41,86,0.00015544723,110.76542115211487,73.35876488685608,0.62923264503479,290
582,41,86,0.0044967025,110.82814908027649,73.36478686332703,0.6303064823150635,290
583,41,86,0.017773626,110.8898355960846,73.36947584152222,0.6313815116882324,290
584,41,86,0.014566476,110.95151925086975,73.37480974197388,0.6324503421783447,290
585,41,86,0.0042530894,111.01219296455383,73.37713670730591,0.6335253715515137,290
586,41,86,0.0067109196,111.07273244857788,73.38125276565552,0.6345953941345215,290
587,41,87,0.002626527,111.9684419631958,74.19743585586548,0.6356723308563232,290
588,41,87,0.02739742,112.03130841255188,74.20314478874207,0.6367514133453369,290
589,41,87,0.006746106,112.09240436553955,74.20675492286682,0.637810468673706,290
590,41,87,0.003107034,112.15332865715027,74.21205687522888,0.6388294696807861,290
591,42,87,0.00015718689,112.21361088752747,74.21468186378479,0.6399135589599609,290
592,42,87,0.0029735018,112.2764937877655,74.22117590904236,0.6409547328948975,290
593,42,87,0.010593165,112.33876752853394,74.22785210609436,0.6420197486877441,290
594,42,87,0.003914058,112.39942216873169,74.23282313346863,0.6430928707122803,290
595,42,88,0.00081839424,113.27343153953552,75.02935218811035,0.6441700458526611,290
596,42,88,7.964086e-05,113.3393063545227,75.03783321380615,0.645482063293457,290
597,42,88,0.030793814,113.3998498916626,75.04078817367554,0.6467752456665039,290
598,42,88,0.001338803,113.4617600440979,75.04508304595947,0.6480751037597656,290
599,42,88,0.019516507,113.52390694618225,75.05096912384033,0.6493911743164062,290
600,42,88,0.0024696193,113.58425045013428,75.05364608764648,0.6506891250610352,290
601,42,88,0.0064633777,113.64477968215942,75.05641198158264,0.6519770622253418,290
602,42,88,0.040549476,113.70593094825745,75.06030988693237,0.6532890796661377,290
603,42,88,0.0044402196,113.766437292099,75.06508278846741,0.6545941829681396,290
604,42,89,0.00045305135,114.69114685058594,75.91846704483032,0.6558883190155029,290
605,43,89,0.0007776076,114.75175976753235,75.92149209976196,0.6569433212280273,290
606,43,89,0.012209209,114.81471657752991,75.92632412910461,0.65798020362854,290
607,43,89,0.0018331802,114.87455463409424,75.92929530143738,0.659278154373169,290
608,43,89,0.0022985744,114.93640303611755,75.9330792427063,0.6605770587921143,290
609,43,89,0.063923486,114.99859976768494,75.93694424629211,0.6618609428405762,290
610,43,89,0.0024996172,115.0589325428009,75.93992519378662,0.6631529331207275,290
611,43,89,0.01445476,115.12040686607361,75.94390225410461,0.6644489765167236,290
612,43,90,0.002337869,115.99472570419312,76.73836398124695,0.6657390594482422,290
613,43,90,0.06010753,116.05630612373352,76.74090313911438,0.6670699119567871,290
614,43,90,0.0019423252,116.11782884597778,76.74467301368713,0.6683769226074219,290
615,43,90,0.0026157899,116.17884349822998,76.74942517280579,0.6696569919586182,290
616,43,90,0.0001804713,116.23969054222107,76.75283026695251,0.6709518432617188,290
617,43,90,0.029690463,116.3003408908844,76.7552182674408,0.6722497940063477,290
618,43,90,0.0083624255,116.36260890960693,76.75822424888611,0.6735408306121826,290
619,44,90,0.0020396183,116.42161393165588,76.76122212409973,0.674616813659668,290
620,44,91,0.019788794,117.28219628334045,77.54528212547302,0.6756517887115479,290
621,44,91,0.018944172,117.35052347183228,77.55578804016113,0.6767208576202393,290
622,44,91,0.0046993373,117.41148376464844,77.55911302566528,0.6777536869049072,290
623,44,91,0.00025085232,117.47186398506165,77.5621600151062,0.6787757873535156,290
624,44,91,0.005673432,117.53254842758179,77.56841206550598,0.679804801940918,290
625,44,91,0.040570702,117.59377646446228,77.57455801963806,0.6808528900146484,290
626,44,91,0.0024069343,117.65518689155579,77.57880210876465,0.6818797588348389,290
627,44,91,0.020407628,117.71850061416626,77.58410096168518,0.6829187870025635,290
628,44,92,0.00723148,118.57013845443726,78.35543990135193,0.6839497089385986,290
629,44,92,0.00076934847,118.63290762901306,78.35793399810791,0.6852576732635498,290
630,44,92,0.0014402231,118.69437861442566,78.36201691627502,0.6863195896148682,290
631,44,92,0.0019772407,118.75575709342957,78.36811590194702,0.6873977184295654,290
632,44,92,0.009291273,118.81727361679077,78.37246489524841,0.6884727478027344,290
633,44,92,0.003458681,118.8777642250061,78.37727308273315,0.6895527839660645,290
634,45,92,0.0075026387,118.93752837181091,78.38005304336548,0.6906459331512451,290
635,45,92,0.0015879829,119.0005452632904,78.3851249217987,0.6917147636413574,290
636,45,93,0.006619076,120.07641005516052,79.38410902023315,0.6927738189697266,290
637,45,93,0.00023604101,120.14146995544434,79.39064693450928,0.6938619613647461,290
638,45,93,0.083508834,120.2026915550232,79.39557194709778,0.6949219703674316,290
639,45,93,0.005120222,120.2632827758789,79.40047287940979,0.6959848403930664,290
640,45,93,0.009966172,120.3252604007721,79.4051308631897,0.6970407962799072,290
641,45,93,0.005196631,120.38523960113525,79.40833377838135,0.6981008052825928,290
642,45,93,0.0030634447,120.4463062286377,79.41482186317444,0.6991658210754395,290
643,45,93,0.0034213644,120.50766396522522,79.42034888267517,0.7002348899841309,290
644,45,94,0.0076211873,121.45027709007263,80.28880763053894,0.7012960910797119,290
645,45,94,0.0020792922,121.51997470855713,80.30095052719116,0.7023780345916748,290
646,45,94,0.0018837026,121.58028817176819,80.30653166770935,0.7034430503845215,290
647,45,94,0.0023619547,121.64229321479797,80.31206560134888,0.7045090198516846,290
648,46,94,0.0009785972,121.7035825252533,80.31505870819092,0.7056188583374023,290
649,46,94,0.0033321474,121.76515674591064,80.31950187683105,0.7066967487335205,290
650,46,94,0.0046123136,121.82633757591248,80.32367086410522,0.7077686786651611,290
651,46,94,0.0022671637,121.88695192337036,80.32853698730469,0.7088437080383301,290
652,46,95,0.00073669176,122.74470686912537,81.107990026474,0.7099118232727051,290
653,46,95,0.0020325077,122.8089497089386,81.11559319496155,0.7110037803649902,290
654,46,95,0.0029083968,122.87029075622559,81.11982417106628,0.71207594871521,290
655,46,95,0.008329827,122.93190121650696,81.12532830238342,0.7131619453430176,290
656,46,95,0.0005396756,122.99380350112915,81.1306562423706,0.7142419815063477,290
657,46,95,0.0007395067,123.05505323410034,81.1344153881073,0.7153139114379883,290
658,46,95,0.007703878,123.11640286445618,81.13908433914185,0.7163848876953125,290
659,46,95,0.009356525,123.17673707008362,81.14499831199646,0.7174558639526367,290
660,46,96,0.00014121237,124.25594687461853,82.14448118209839,0.718533992767334,290
661,46,96,0.0016217176,124.32125878334045,82.152761220932,0.7196249961853027,290
662,46,96,0.0015923843,124.38172268867493,82.15752720832825,0.7206990718841553,290
663,47,96,0.00043177116,124.44493770599365,82.16059231758118,0.7220320701599121,290
664,47,96,0.01593972,124.50625514984131,82.16458129882812,0.7233221530914307,290
665,47,96,5.7638947e-05,124.5672812461853,82.16984438896179,0.7246310710906982,290
666,47,96,0.0012471888,124.627681016922,82.17454957962036,0.7259340286254883,290
667,47,96,0.0004966681,124.68887186050415,82.17771649360657,0.72723388671875,290
668,47,96,0.0061026984,124.75052976608276,82.18124747276306,0.728532075881958,290
669,47,97,0.0002761597,125.6256365776062,82.9748125076294,0.7298541069030762,290
670,47,97,0.0013398641,125.68771195411682,82.97719550132751,0.7311911582946777,290
671,47,97,0.007190282,125.74876260757446,82.98311638832092,0.7322661876678467,290
672,47,97,0.029965095,125.80929613113403,82.98792028427124,0.7333359718322754,290
673,47,97,0.0033428138,125.8706567287445,82.99418640136719,0.7343990802764893,290
674,47,97,0.0029338296,125.93210530281067,82.99756336212158,0.7354729175567627,290
675,47,97,0.0037130432,125.9928674697876,83.0010974407196,0.7365448474884033,290
676,47,97,0.008987987,126.05338454246521,83.00506544113159,0.7376079559326172,290
677,48,98,0.009460421,126.93886280059814,83.80957245826721,0.738706111907959,290
678,48,98,0.00072159467,127.00197505950928,83.81576538085938,0.7398040294647217,290
679,48,98,0.0010431987,127.06208038330078,83.81882834434509,0.7408759593963623,290
680,48,98,0.0002691792,127.12344312667847,83.82331442832947,0.7419509887695312,290
681,48,98,0.0028890432,127.18414855003357,83.82900547981262,0.7430169582366943,290
682,48,98,0.0023177392,127.24444246292114,83.83406853675842,0.7440669536590576,290
683,48,98,0.020352859,127.30618214607239,83.83976340293884,0.7451059818267822,290
684,48,98,0.014688771,127.3675549030304,83.84396934509277,0.7461428642272949,290
685,48,99,0.0019398999,128.24069595336914,84.64014434814453,0.7472138404846191,290
686,48,99,0.0007898214,128.30378913879395,84.64637327194214,0.7482497692108154,290
687,48,99,0.004772486,128.3650095462799,84.6500871181488,0.7492837905883789,290
688,48,99,0.0013591667,128.42500042915344,84.65511727333069,0.7503616809844971,290
689,48,99,0.005523388,128.4880838394165,84.66200637817383,0.7514307498931885,290
690,48,99,0.0005288409,128.54819130897522,84.66689825057983,0.7524616718292236,290
691,49,99,0.0020807218,128.6085069179535,84.66993546485901,0.75351881980896,290
692,49,99,0.0007814788,128.66928625106812,84.67446947097778,0.7546370029449463,290
693,49,99,0.0017373459,128.7296495437622,84.67793440818787,0.7556929588317871,290
694,49,100,0.0002344296,129.59790873527527,85.4699342250824,0.7567489147186279,290
695,49,100,0.0011705694,129.66526627540588,85.47889423370361,0.7578461170196533,290
696,49,100,0.00089464244,129.72777271270752,85.48407626152039,0.7589161396026611,290
697,49,100,0.0033851783,129.78915882110596,85.48792433738708,0.7599802017211914,290
698,49,100,0.00016381277,129.8487844467163,85.49218034744263,0.7610502243041992,290
699,49,100,0.02523739,129.9114351272583,85.49847841262817,0.7621152400970459,290
700,49,100,0.0032663532,129.97325587272644,85.50271034240723,0.763174295425415,290
701,49,100,0.0029346095,130.03396487236023,85.50682330131531,0.7642402648925781,290
702,49,100,0.006675349,130.09534287452698,85.51246428489685,0.7653090953826904,290
703,49,101,0.004344032,130.96207118034363,86.2998263835907,0.7663791179656982,290
704,49,101,0.0006370611,131.0228979587555,86.30319738388062,0.7674582004547119,290
705,49,101,0.00016244838,131.08346223831177,86.30709457397461,0.7685229778289795,290
706,50,101,0.012044839,131.14472341537476,86.31004166603088,0.7696130275726318,290
707,50,101,0.00024377907,131.20665287971497,86.31517457962036,0.7706780433654785,290
708,50,101,0.008292443,131.26717615127563,86.31995344161987,0.771704912185669,290
709,50,101,0.0026141475,131.3286919593811,86.32605648040771,0.7727789878845215,290
710,50,101,0.008170126,131.39012718200684,86.33032941818237,0.7738349437713623,290
711,50,101,0.00010439045,131.45092177391052,86.33318042755127,0.7748990058898926,290
712,50,102,0.013082178,132.30216765403748,87.10696744918823,0.7759249210357666,290
713,50,102,0.0019911027,132.36135005950928,87.10999655723572,0.7769989967346191,290
714,50,102,0.0064984034,132.4239845275879,87.11590552330017,0.7780380249023438,290
715,50,102,0.00015211334,132.48543643951416,87.12130737304688,0.7791051864624023,290
716,50,102,0.003929807,132.54709553718567,87.12700843811035,0.7801682949066162,290
717,50,102,0.0009850529,132.60697889328003,87.13018250465393,0.7812330722808838,290
718,50,102,0.01326672,132.66956233978271,87.13534045219421,0.7822971343994141,290
719,50,102,0.0060503213,132.73015451431274,87.1391966342926,0.783350944519043,290
